day,time,energy
2023-02-01,00:00:00,346.0
2023-02-01,00:15:00,7055.0
2023-02-01,00:30:00,9684.0
2023-02-01,00:45:00,4588.0
2023-02-01,01:00:00,142.0
2023-02-01,01:15:00,8581.0
2023-02-01,01:30:00,627.0
2023-02-01,01:45:00,7356.0
2023-02-01,02:00:00,123.0
2023-02-01,02:15:00,1277.0
2023-02-01,02:30:00,2139.0
2023-02-01,02:45:00,4690.0
2023-02-01,03:00:00,4760.0
2023-02-01,03:15:00,9503.0
2023-02-01,03:30:00,1911.0
2023-02-01,03:45:00,3720.0
2023-02-01,04:00:00,8688.0
2023-02-01,04:15:00,6508.0
2023-02-01,04:30:00,4853.0
2023-02-01,04:45:00,2877.0
2023-02-01,05:00:00,3268.0
2023-02-01,05:15:00,1110.0
2023-02-01,05:30:00,7823.0
2023-02-01,05:45:00,9466.0
2023-02-01,06:00:00,7435.0
2023-02-01,06:15:00,5314.0
2023-02-01,06:30:00,8042.0
2023-02-01,06:45:00,6849.0
2023-02-01,07:00:00,6305.0
2023-02-01,07:15:00,3461.0
2023-02-01,07:30:00,8880.0
2023-02-01,07:45:00,5449.0
2023-02-01,08:00:00,6399.0
2023-02-01,08:15:00,1404.0
2023-02-01,08:30:00,9691.0
2023-02-01,08:45:00,5264.0
2023-02-01,09:00:00,9076.0
2023-02-01,09:15:00,2153.0
2023-02-01,09:30:00,493.0
2023-02-01,09:45:00,386.0
2023-02-01,10:00:00,4106.0
2023-02-01,10:15:00,7937.0
2023-02-01,10:30:00,3684.0
2023-02-01,10:45:00,5045.0
2023-02-01,11:00:00,663.0
2023-02-01,11:15:00,2061.0
2023-02-01,11:30:00,8126.0
2023-02-01,11:45:00,3186.0
2023-02-01,12:00:00,3922.0
2023-02-01,12:15:00,7104.0
2023-02-01,12:30:00,8316.0
2023-02-01,12:45:00,9113.0
2023-02-01,13:00:00,3766.0
2023-02-01,13:15:00,484.0
2023-02-01,13:30:00,7735.0
2023-02-01,13:45:00,3447.0
2023-02-01,14:00:00,1957.0
2023-02-01,14:15:00,587.0
2023-02-01,14:30:00,2545.0
2023-02-01,14:45:00,8701.0
2023-02-01,15:00:00,9649.0
2023-02-01,15:15:00,9850.0
2023-02-01,15:30:00,7938.0
2023-02-01,15:45:00,9338.0
2023-02-01,16:00:00,2090.0
2023-02-01,16:15:00,8844.0
2023-02-01,16:30:00,6814.0
2023-02-01,16:45:00,2405.0
2023-02-01,17:00:00,9401.0
2023-02-01,17:15:00,2543.0
2023-02-01,17:30:00,6759.0
2023-02-01,17:45:00,1522.0
2023-02-01,18:00:00,5472.0
2023-02-01,18:15:00,2491.0
2023-02-01,18:30:00,2547.0
2023-02-01,18:45:00,7651.0
2023-02-01,19:00:00,389.0
2023-02-01,19:15:00,8538.0
2023-02-01,19:30:00,7743.0
2023-02-01,19:45:00,6706.0
2023-02-01,20:00:00,1191.0
2023-02-01,20:15:00,3090.0
2023-02-01,20:30:00,3821.0
2023-02-01,20:45:00,7456.0
2023-02-01,21:00:00,7447.0
2023-02-01,21:15:00,7573.0
2023-02-01,21:30:00,3117.0
2023-02-01,21:45:00,21.0
2023-02-01,22:00:00,7677.0
2023-02-01,22:15:00,4573.0
2023-02-01,22:30:00,2102.0
2023-02-01,22:45:00,4370.0
2023-02-01,23:00:00,5416.0
2023-02-01,23:15:00,7501.0
2023-02-01,23:30:00,6569.0
2023-02-01,23:45:00,309.0
2023-02-02,00:00:00,4385.0
2023-02-02,00:15:00,6964.0
2023-02-02,00:30:00,9542.0
2023-02-02,00:45:00,6094.0
2023-02-02,01:00:00,2041.0
2023-02-02,01:15:00,9437.0
2023-02-02,01:30:00,8793.0
2023-02-02,01:45:00,5742.0
2023-02-02,02:00:00,1093.0
2023-02-02,02:15:00,7348.0
2023-02-02,02:30:00,7865.0
2023-02-02,02:45:00,441.0
2023-02-02,03:00:00,6760.0
2023-02-02,03:15:00,7129.0
2023-02-02,03:30:00,8795.0
2023-02-02,03:45:00,7126.0
2023-02-02,04:00:00,9938.0
2023-02-02,04:15:00,9628.0
2023-02-02,04:30:00,5433.0
2023-02-02,04:45:00,2110.0
2023-02-02,05:00:00,6647.0
2023-02-02,05:15:00,3572.0
2023-02-02,05:30:00,1001.0
2023-02-02,05:45:00,9953.0
2023-02-02,06:00:00,7905.0
2023-02-02,06:15:00,5303.0
2023-02-02,06:30:00,235.0
2023-02-02,06:45:00,4018.0
2023-02-02,07:00:00,4922.0
2023-02-02,07:15:00,4145.0
2023-02-02,07:30:00,5170.0
2023-02-02,07:45:00,5353.0
2023-02-02,08:00:00,8147.0
2023-02-02,08:15:00,2504.0
2023-02-02,08:30:00,2592.0
2023-02-02,08:45:00,1408.0
2023-02-02,09:00:00,9990.0
2023-02-02,09:15:00,657.0
2023-02-02,09:30:00,1839.0
2023-02-02,09:45:00,5865.0
2023-02-02,10:00:00,4751.0
2023-02-02,10:15:00,9057.0
2023-02-02,10:30:00,1974.0
2023-02-02,10:45:00,9693.0
2023-02-02,11:00:00,8911.0
2023-02-02,11:15:00,7739.0
2023-02-02,11:30:00,4012.0
2023-02-02,11:45:00,7792.0
2023-02-02,12:00:00,6385.0
2023-02-02,12:15:00,9622.0
2023-02-02,12:30:00,3131.0
2023-02-02,12:45:00,874.0
2023-02-02,13:00:00,2110.0
2023-02-02,13:15:00,3466.0
2023-02-02,13:30:00,4011.0
2023-02-02,13:45:00,1921.0
2023-02-02,14:00:00,2167.0
2023-02-02,14:15:00,8155.0
2023-02-02,14:30:00,322.0
2023-02-02,14:45:00,4270.0
2023-02-02,15:00:00,4740.0
2023-02-02,15:15:00,9835.0
2023-02-02,15:30:00,3713.0
2023-02-02,15:45:00,2251.0
2023-02-02,16:00:00,2661.0
2023-02-02,16:15:00,1614.0
2023-02-02,16:30:00,8499.0
2023-02-02,16:45:00,8902.0
2023-02-02,17:00:00,3444.0
2023-02-02,17:15:00,1885.0
2023-02-02,17:30:00,8299.0
2023-02-02,17:45:00,3967.0
2023-02-02,18:00:00,9826.0
2023-02-02,18:15:00,5670.0
2023-02-02,18:30:00,196.0
2023-02-02,18:45:00,6543.0
2023-02-02,19:00:00,8117.0
2023-02-02,19:15:00,2576.0
2023-02-02,19:30:00,48.0
2023-02-02,19:45:00,3503.0
2023-02-02,20:00:00,9254.0
2023-02-02,20:15:00,7804.0
2023-02-02,20:30:00,3428.0
2023-02-02,20:45:00,4869.0
2023-02-02,21:00:00,4417.0
2023-02-02,21:15:00,1429.0
2023-02-02,21:30:00,3948.0
2023-02-02,21:45:00,8880.0
2023-02-02,22:00:00,9247.0
2023-02-02,22:15:00,3093.0
2023-02-02,22:30:00,3323.0
2023-02-02,22:45:00,5526.0
2023-02-02,23:00:00,1376.0
2023-02-02,23:15:00,9687.0
2023-02-02,23:30:00,4707.0
2023-02-02,23:45:00,5271.0
2023-02-03,00:00:00,887.0
2023-02-03,00:15:00,9358.0
2023-02-03,00:30:00,8557.0
2023-02-03,00:45:00,4247.0
2023-02-03,01:00:00,7002.0
2023-02-03,01:15:00,3126.0
2023-02-03,01:30:00,3613.0
2023-02-03,01:45:00,5767.0
2023-02-03,02:00:00,294.0
2023-02-03,02:15:00,5029.0
2023-02-03,02:30:00,7584.0
2023-02-03,02:45:00,6073.0
2023-02-03,03:00:00,5834.0
2023-02-03,03:15:00,4983.0
2023-02-03,03:30:00,6998.0
2023-02-03,03:45:00,1666.0
2023-02-03,04:00:00,4759.0
2023-02-03,04:15:00,3343.0
2023-02-03,04:30:00,7973.0
2023-02-03,04:45:00,8271.0
2023-02-03,05:00:00,3817.0
2023-02-03,05:15:00,8484.0
2023-02-03,05:30:00,6797.0
2023-02-03,05:45:00,8749.0
2023-02-03,06:00:00,5802.0
2023-02-03,06:15:00,9432.0
2023-02-03,06:30:00,5235.0
2023-02-03,06:45:00,5226.0
2023-02-03,07:00:00,905.0
2023-02-03,07:15:00,6961.0
2023-02-03,07:30:00,9779.0
2023-02-03,07:45:00,9122.0
2023-02-03,08:00:00,8307.0
2023-02-03,08:15:00,684.0
2023-02-03,08:30:00,9232.0
2023-02-03,08:45:00,7811.0
2023-02-03,09:00:00,209.0
2023-02-03,09:15:00,2658.0
2023-02-03,09:30:00,2636.0
2023-02-03,09:45:00,7136.0
2023-02-03,10:00:00,9955.0
2023-02-03,10:15:00,5043.0
2023-02-03,10:30:00,3072.0
2023-02-03,10:45:00,5138.0
2023-02-03,11:00:00,3212.0
2023-02-03,11:15:00,9078.0
2023-02-03,11:30:00,612.0
2023-02-03,11:45:00,5418.0
2023-02-03,12:00:00,7229.0
2023-02-03,12:15:00,8443.0
2023-02-03,12:30:00,5165.0
2023-02-03,12:45:00,5416.0
2023-02-03,13:00:00,1523.0
2023-02-03,13:15:00,4747.0
2023-02-03,13:30:00,7921.0
2023-02-03,13:45:00,7826.0
2023-02-03,14:00:00,6725.0
2023-02-03,14:15:00,201.0
2023-02-03,14:30:00,1327.0
2023-02-03,14:45:00,8907.0
2023-02-03,15:00:00,6988.0
2023-02-03,15:15:00,5036.0
2023-02-03,15:30:00,2754.0
2023-02-03,15:45:00,5482.0
2023-02-03,16:00:00,6164.0
2023-02-03,16:15:00,4217.0
2023-02-03,16:30:00,8640.0
2023-02-03,16:45:00,1815.0
2023-02-03,17:00:00,2207.0
2023-02-03,17:15:00,4508.0
2023-02-03,17:30:00,5488.0
2023-02-03,17:45:00,2466.0
2023-02-03,18:00:00,5505.0
2023-02-03,18:15:00,3470.0
2023-02-03,18:30:00,441.0
2023-02-03,18:45:00,7480.0
2023-02-03,19:00:00,5496.0
2023-02-03,19:15:00,9193.0
2023-02-03,19:30:00,4380.0
2023-02-03,19:45:00,1015.0
2023-02-03,20:00:00,1918.0
2023-02-03,20:15:00,3292.0
2023-02-03,20:30:00,7563.0
2023-02-03,20:45:00,7673.0
2023-02-03,21:00:00,6419.0
2023-02-03,21:15:00,8371.0
2023-02-03,21:30:00,5818.0
2023-02-03,21:45:00,5791.0
2023-02-03,22:00:00,7690.0
2023-02-03,22:15:00,4073.0
2023-02-03,22:30:00,3678.0
2023-02-03,22:45:00,1564.0
2023-02-03,23:00:00,3966.0
2023-02-03,23:15:00,3314.0
2023-02-03,23:30:00,5918.0
2023-02-03,23:45:00,7155.0
2023-02-04,00:00:00,2993.0
2023-02-04,00:15:00,5460.0
2023-02-04,00:30:00,7751.0
2023-02-04,00:45:00,6177.0
2023-02-04,01:00:00,6042.0
2023-02-04,01:15:00,6499.0
2023-02-04,01:30:00,5629.0
2023-02-04,01:45:00,8617.0
2023-02-04,02:00:00,7187.0
2023-02-04,02:15:00,3885.0
2023-02-04,02:30:00,5398.0
2023-02-04,02:45:00,5956.0
2023-02-04,03:00:00,6539.0
2023-02-04,03:15:00,2037.0
2023-02-04,03:30:00,1755.0
2023-02-04,03:45:00,8398.0
2023-02-04,04:00:00,560.0
2023-02-04,04:15:00,5643.0
2023-02-04,04:30:00,790.0
2023-02-04,04:45:00,3511.0
2023-02-04,05:00:00,4182.0
2023-02-04,05:15:00,4505.0
2023-02-04,05:30:00,9368.0
2023-02-04,05:45:00,5301.0
2023-02-04,06:00:00,813.0
2023-02-04,06:15:00,3798.0
2023-02-04,06:30:00,5344.0
2023-02-04,06:45:00,8725.0
2023-02-04,07:00:00,4741.0
2023-02-04,07:15:00,6343.0
2023-02-04,07:30:00,2728.0
2023-02-04,07:45:00,2977.0
2023-02-04,08:00:00,2507.0
2023-02-04,08:15:00,4668.0
2023-02-04,08:30:00,3076.0
2023-02-04,08:45:00,4679.0
2023-02-04,09:00:00,5748.0
2023-02-04,09:15:00,20.0
2023-02-04,09:30:00,3542.0
2023-02-04,09:45:00,3285.0
2023-02-04,10:00:00,6978.0
2023-02-04,10:15:00,8358.0
2023-02-04,10:30:00,1988.0
2023-02-04,10:45:00,800.0
2023-02-04,11:00:00,1921.0
2023-02-04,11:15:00,8715.0
2023-02-04,11:30:00,5899.0
2023-02-04,11:45:00,4770.0
2023-02-04,12:00:00,3830.0
2023-02-04,12:15:00,4342.0
2023-02-04,12:30:00,6640.0
2023-02-04,12:45:00,1151.0
2023-02-04,13:00:00,531.0
2023-02-04,13:15:00,3565.0
2023-02-04,13:30:00,4504.0
2023-02-04,13:45:00,8553.0
2023-02-04,14:00:00,1596.0
2023-02-04,14:15:00,7622.0
2023-02-04,14:30:00,2103.0
2023-02-04,14:45:00,2179.0
2023-02-04,15:00:00,5292.0
2023-02-04,15:15:00,7825.0
2023-02-04,15:30:00,3345.0
2023-02-04,15:45:00,9436.0
2023-02-04,16:00:00,6692.0
2023-02-04,16:15:00,4972.0
2023-02-04,16:30:00,4377.0
2023-02-04,16:45:00,6148.0
2023-02-04,17:00:00,3166.0
2023-02-04,17:15:00,6073.0
2023-02-04,17:30:00,7238.0
2023-02-04,17:45:00,9964.0
2023-02-04,18:00:00,2475.0
2023-02-04,18:15:00,6074.0
2023-02-04,18:30:00,8135.0
2023-02-04,18:45:00,622.0
2023-02-04,19:00:00,5514.0
2023-02-04,19:15:00,8326.0
2023-02-04,19:30:00,4587.0
2023-02-04,19:45:00,7392.0
2023-02-04,20:00:00,9555.0
2023-02-04,20:15:00,2680.0
2023-02-04,20:30:00,9582.0
2023-02-04,20:45:00,1864.0
2023-02-04,21:00:00,5801.0
2023-02-04,21:15:00,8492.0
2023-02-04,21:30:00,1941.0
2023-02-04,21:45:00,1706.0
2023-02-04,22:00:00,3001.0
2023-02-04,22:15:00,3659.0
2023-02-04,22:30:00,1529.0
2023-02-04,22:45:00,4366.0
2023-02-04,23:00:00,8762.0
2023-02-04,23:15:00,8595.0
2023-02-04,23:30:00,4911.0
2023-02-04,23:45:00,6144.0
2023-02-05,00:00:00,2296.0
2023-02-05,00:15:00,2624.0
2023-02-05,00:30:00,9218.0
2023-02-05,00:45:00,717.0
2023-02-05,01:00:00,4094.0
2023-02-05,01:15:00,3386.0
2023-02-05,01:30:00,7048.0
2023-02-05,01:45:00,1285.0
2023-02-05,02:00:00,6315.0
2023-02-05,02:15:00,7078.0
2023-02-05,02:30:00,7974.0
2023-02-05,02:45:00,5002.0
2023-02-05,03:00:00,7050.0
2023-02-05,03:15:00,1918.0
2023-02-05,03:30:00,7063.0
2023-02-05,03:45:00,5336.0
2023-02-05,04:00:00,2910.0
2023-02-05,04:15:00,7642.0
2023-02-05,04:30:00,7231.0
2023-02-05,04:45:00,4006.0
2023-02-05,05:00:00,8657.0
2023-02-05,05:15:00,2361.0
2023-02-05,05:30:00,6925.0
2023-02-05,05:45:00,3964.0
2023-02-05,06:00:00,7820.0
2023-02-05,06:15:00,9940.0
2023-02-05,06:30:00,620.0
2023-02-05,06:45:00,1744.0
2023-02-05,07:00:00,1077.0
2023-02-05,07:15:00,5860.0
2023-02-05,07:30:00,7621.0
2023-02-05,07:45:00,4803.0
2023-02-05,08:00:00,2015.0
2023-02-05,08:15:00,4602.0
2023-02-05,08:30:00,3478.0
2023-02-05,08:45:00,3731.0
2023-02-05,09:00:00,8673.0
2023-02-05,09:15:00,5714.0
2023-02-05,09:30:00,8246.0
2023-02-05,09:45:00,4254.0
2023-02-05,10:00:00,492.0
2023-02-05,10:15:00,1875.0
2023-02-05,10:30:00,7081.0
2023-02-05,10:45:00,8856.0
2023-02-05,11:00:00,5970.0
2023-02-05,11:15:00,4209.0
2023-02-05,11:30:00,2533.0
2023-02-05,11:45:00,1558.0
2023-02-05,12:00:00,1973.0
2023-02-05,12:15:00,3340.0
2023-02-05,12:30:00,9499.0
2023-02-05,12:45:00,7591.0
2023-02-05,13:00:00,2773.0
2023-02-05,13:15:00,5084.0
2023-02-05,13:30:00,856.0
2023-02-05,13:45:00,8689.0
2023-02-05,14:00:00,644.0
2023-02-05,14:15:00,6640.0
2023-02-05,14:30:00,8205.0
2023-02-05,14:45:00,3102.0
2023-02-05,15:00:00,9280.0
2023-02-05,15:15:00,705.0
2023-02-05,15:30:00,8024.0
2023-02-05,15:45:00,5010.0
2023-02-05,16:00:00,7662.0
2023-02-05,16:15:00,1416.0
2023-02-05,16:30:00,6599.0
2023-02-05,16:45:00,8390.0
2023-02-05,17:00:00,4873.0
2023-02-05,17:15:00,9736.0
2023-02-05,17:30:00,7357.0
2023-02-05,17:45:00,7069.0
2023-02-05,18:00:00,5837.0
2023-02-05,18:15:00,2054.0
2023-02-05,18:30:00,7297.0
2023-02-05,18:45:00,7606.0
2023-02-05,19:00:00,2043.0
2023-02-05,19:15:00,7183.0
2023-02-05,19:30:00,2913.0
2023-02-05,19:45:00,4928.0
2023-02-05,20:00:00,9074.0
2023-02-05,20:15:00,8900.0
2023-02-05,20:30:00,1664.0
2023-02-05,20:45:00,8947.0
2023-02-05,21:00:00,2061.0
2023-02-05,21:15:00,5785.0
2023-02-05,21:30:00,1625.0
2023-02-05,21:45:00,9565.0
2023-02-05,22:00:00,9569.0
2023-02-05,22:15:00,524.0
2023-02-05,22:30:00,6840.0
2023-02-05,22:45:00,5211.0
2023-02-05,23:00:00,2472.0
2023-02-05,23:15:00,5600.0
2023-02-05,23:30:00,9600.0
2023-02-05,23:45:00,2986.0
2023-02-06,00:00:00,953.0
2023-02-06,00:15:00,6791.0
2023-02-06,00:30:00,3801.0
2023-02-06,00:45:00,2243.0
2023-02-06,01:00:00,1829.0
2023-02-06,01:15:00,162.0
2023-02-06,01:30:00,5089.0
2023-02-06,01:45:00,5047.0
2023-02-06,02:00:00,6534.0
2023-02-06,02:15:00,1246.0
2023-02-06,02:30:00,9133.0
2023-02-06,02:45:00,6726.0
2023-02-06,03:00:00,2095.0
2023-02-06,03:15:00,4916.0
2023-02-06,03:30:00,4035.0
2023-02-06,03:45:00,7630.0
2023-02-06,04:00:00,9401.0
2023-02-06,04:15:00,8728.0
2023-02-06,04:30:00,5021.0
2023-02-06,04:45:00,5668.0
2023-02-06,05:00:00,7109.0
2023-02-06,05:15:00,2441.0
2023-02-06,05:30:00,6361.0
2023-02-06,05:45:00,1588.0
2023-02-06,06:00:00,9867.0
2023-02-06,06:15:00,4962.0
2023-02-06,06:30:00,6209.0
2023-02-06,06:45:00,5050.0
2023-02-06,07:00:00,8858.0
2023-02-06,07:15:00,1050.0
2023-02-06,07:30:00,7443.0
2023-02-06,07:45:00,4532.0
2023-02-06,08:00:00,6351.0
2023-02-06,08:15:00,343.0
2023-02-06,08:30:00,5858.0
2023-02-06,08:45:00,3071.0
2023-02-06,09:00:00,7745.0
2023-02-06,09:15:00,3828.0
2023-02-06,09:30:00,1582.0
2023-02-06,09:45:00,7555.0
2023-02-06,10:00:00,1049.0
2023-02-06,10:15:00,4010.0
2023-02-06,10:30:00,5505.0
2023-02-06,10:45:00,344.0
2023-02-06,11:00:00,634.0
2023-02-06,11:15:00,4108.0
2023-02-06,11:30:00,9724.0
2023-02-06,11:45:00,117.0
2023-02-06,12:00:00,4394.0
2023-02-06,12:15:00,9748.0
2023-02-06,12:30:00,3551.0
2023-02-06,12:45:00,6082.0
2023-02-06,13:00:00,3481.0
2023-02-06,13:15:00,1279.0
2023-02-06,13:30:00,1512.0
2023-02-06,13:45:00,766.0
2023-02-06,14:00:00,3289.0
2023-02-06,14:15:00,1856.0
2023-02-06,14:30:00,6505.0
2023-02-06,14:45:00,5850.0
2023-02-06,15:00:00,6584.0
2023-02-06,15:15:00,1390.0
2023-02-06,15:30:00,61.0
2023-02-06,15:45:00,2959.0
2023-02-06,16:00:00,11.0
2023-02-06,16:15:00,8052.0
2023-02-06,16:30:00,5316.0
2023-02-06,16:45:00,8308.0
2023-02-06,17:00:00,2904.0
2023-02-06,17:15:00,6903.0
2023-02-06,17:30:00,7555.0
2023-02-06,17:45:00,8512.0
2023-02-06,18:00:00,6106.0
2023-02-06,18:15:00,2931.0
2023-02-06,18:30:00,5799.0
2023-02-06,18:45:00,2711.0
2023-02-06,19:00:00,1809.0
2023-02-06,19:15:00,8047.0
2023-02-06,19:30:00,3914.0
2023-02-06,19:45:00,7290.0
2023-02-06,20:00:00,2297.0
2023-02-06,20:15:00,3283.0
2023-02-06,20:30:00,3836.0
2023-02-06,20:45:00,9571.0
2023-02-06,21:00:00,6205.0
2023-02-06,21:15:00,9133.0
2023-02-06,21:30:00,4992.0
2023-02-06,21:45:00,6594.0
2023-02-06,22:00:00,6696.0
2023-02-06,22:15:00,424.0
2023-02-06,22:30:00,6792.0
2023-02-06,22:45:00,7618.0
2023-02-06,23:00:00,7181.0
2023-02-06,23:15:00,1858.0
2023-02-06,23:30:00,5167.0
2023-02-06,23:45:00,963.0
2023-02-07,00:00:00,4831.0
2023-02-07,00:15:00,6633.0
2023-02-07,00:30:00,5011.0
2023-02-07,00:45:00,3726.0
2023-02-07,01:00:00,3014.0
2023-02-07,01:15:00,6512.0
2023-02-07,01:30:00,2816.0
2023-02-07,01:45:00,6505.0
2023-02-07,02:00:00,2443.0
2023-02-07,02:15:00,4700.0
2023-02-07,02:30:00,132.0
2023-02-07,02:45:00,8885.0
2023-02-07,03:00:00,3885.0
2023-02-07,03:15:00,9997.0
2023-02-07,03:30:00,3727.0
2023-02-07,03:45:00,9728.0
2023-02-07,04:00:00,4966.0
2023-02-07,04:15:00,2876.0
2023-02-07,04:30:00,5989.0
2023-02-07,04:45:00,8943.0
2023-02-07,05:00:00,3927.0
2023-02-07,05:15:00,5700.0
2023-02-07,05:30:00,3587.0
2023-02-07,05:45:00,1890.0
2023-02-07,06:00:00,9979.0
2023-02-07,06:15:00,9113.0
2023-02-07,06:30:00,5159.0
2023-02-07,06:45:00,1989.0
2023-02-07,07:00:00,6338.0
2023-02-07,07:15:00,3091.0
2023-02-07,07:30:00,5910.0
2023-02-07,07:45:00,5932.0
2023-02-07,08:00:00,3245.0
2023-02-07,08:15:00,2031.0
2023-02-07,08:30:00,319.0
2023-02-07,08:45:00,6512.0
2023-02-07,09:00:00,4886.0
2023-02-07,09:15:00,1456.0
2023-02-07,09:30:00,911.0
2023-02-07,09:45:00,5964.0
2023-02-07,10:00:00,9027.0
2023-02-07,10:15:00,6198.0
2023-02-07,10:30:00,7040.0
2023-02-07,10:45:00,6468.0
2023-02-07,11:00:00,5011.0
2023-02-07,11:15:00,8871.0
2023-02-07,11:30:00,8064.0
2023-02-07,11:45:00,6701.0
2023-02-07,12:00:00,7001.0
2023-02-07,12:15:00,600.0
2023-02-07,12:30:00,524.0
2023-02-07,12:45:00,3630.0
2023-02-07,13:00:00,6412.0
2023-02-07,13:15:00,7887.0
2023-02-07,13:30:00,9374.0
2023-02-07,13:45:00,5654.0
2023-02-07,14:00:00,1812.0
2023-02-07,14:15:00,1063.0
2023-02-07,14:30:00,221.0
2023-02-07,14:45:00,6942.0
2023-02-07,15:00:00,1509.0
2023-02-07,15:15:00,5659.0
2023-02-07,15:30:00,3596.0
2023-02-07,15:45:00,2650.0
2023-02-07,16:00:00,6740.0
2023-02-07,16:15:00,2513.0
2023-02-07,16:30:00,1931.0
2023-02-07,16:45:00,8312.0
2023-02-07,17:00:00,9282.0
2023-02-07,17:15:00,6990.0
2023-02-07,17:30:00,9094.0
2023-02-07,17:45:00,6118.0
2023-02-07,18:00:00,4509.0
2023-02-07,18:15:00,5843.0
2023-02-07,18:30:00,7399.0
2023-02-07,18:45:00,2187.0
2023-02-07,19:00:00,316.0
2023-02-07,19:15:00,3094.0
2023-02-07,19:30:00,1310.0
2023-02-07,19:45:00,122.0
2023-02-07,20:00:00,4304.0
2023-02-07,20:15:00,9882.0
2023-02-07,20:30:00,5546.0
2023-02-07,20:45:00,8687.0
2023-02-07,21:00:00,660.0
2023-02-07,21:15:00,5934.0
2023-02-07,21:30:00,3724.0
2023-02-07,21:45:00,8146.0
2023-02-07,22:00:00,1075.0
2023-02-07,22:15:00,9413.0
2023-02-07,22:30:00,4674.0
2023-02-07,22:45:00,7969.0
2023-02-07,23:00:00,5630.0
2023-02-07,23:15:00,5413.0
2023-02-07,23:30:00,3935.0
2023-02-07,23:45:00,6490.0
2023-02-08,00:00:00,4922.0
2023-02-08,00:15:00,4165.0
2023-02-08,00:30:00,2472.0
2023-02-08,00:45:00,7086.0
2023-02-08,01:00:00,3693.0
2023-02-08,01:15:00,4488.0
2023-02-08,01:30:00,2950.0
2023-02-08,01:45:00,9101.0
2023-02-08,02:00:00,1118.0
2023-02-08,02:15:00,827.0
2023-02-08,02:30:00,2014.0
2023-02-08,02:45:00,7569.0
2023-02-08,03:00:00,3282.0
2023-02-08,03:15:00,9299.0
2023-02-08,03:30:00,573.0
2023-02-08,03:45:00,1102.0
2023-02-08,04:00:00,229.0
2023-02-08,04:15:00,2636.0
2023-02-08,04:30:00,158.0
2023-02-08,04:45:00,2094.0
2023-02-08,05:00:00,678.0
2023-02-08,05:15:00,1930.0
2023-02-08,05:30:00,8513.0
2023-02-08,05:45:00,8752.0
2023-02-08,06:00:00,5442.0
2023-02-08,06:15:00,9519.0
2023-02-08,06:30:00,3027.0
2023-02-08,06:45:00,5411.0
2023-02-08,07:00:00,2998.0
2023-02-08,07:15:00,6163.0
2023-02-08,07:30:00,2187.0
2023-02-08,07:45:00,1202.0
2023-02-08,08:00:00,5722.0
2023-02-08,08:15:00,7721.0
2023-02-08,08:30:00,6850.0
2023-02-08,08:45:00,1151.0
2023-02-08,09:00:00,6190.0
2023-02-08,09:15:00,1686.0
2023-02-08,09:30:00,8188.0
2023-02-08,09:45:00,3512.0
2023-02-08,10:00:00,4850.0
2023-02-08,10:15:00,3950.0
2023-02-08,10:30:00,4712.0
2023-02-08,10:45:00,4793.0
2023-02-08,11:00:00,3739.0
2023-02-08,11:15:00,8743.0
2023-02-08,11:30:00,7073.0
2023-02-08,11:45:00,6836.0
2023-02-08,12:00:00,5395.0
2023-02-08,12:15:00,918.0
2023-02-08,12:30:00,2477.0
2023-02-08,12:45:00,1190.0
2023-02-08,13:00:00,4279.0
2023-02-08,13:15:00,2247.0
2023-02-08,13:30:00,1062.0
2023-02-08,13:45:00,3718.0
2023-02-08,14:00:00,697.0
2023-02-08,14:15:00,6090.0
2023-02-08,14:30:00,1616.0
2023-02-08,14:45:00,5079.0
2023-02-08,15:00:00,1849.0
2023-02-08,15:15:00,6743.0
2023-02-08,15:30:00,1263.0
2023-02-08,15:45:00,6463.0
2023-02-08,16:00:00,1750.0
2023-02-08,16:15:00,9471.0
2023-02-08,16:30:00,5034.0
2023-02-08,16:45:00,9776.0
2023-02-08,17:00:00,6138.0
2023-02-08,17:15:00,438.0
2023-02-08,17:30:00,3293.0
2023-02-08,17:45:00,5212.0
2023-02-08,18:00:00,4044.0
2023-02-08,18:15:00,7117.0
2023-02-08,18:30:00,4948.0
2023-02-08,18:45:00,9913.0
2023-02-08,19:00:00,9497.0
2023-02-08,19:15:00,798.0
2023-02-08,19:30:00,9477.0
2023-02-08,19:45:00,3391.0
2023-02-08,20:00:00,2923.0
2023-02-08,20:15:00,7768.0
2023-02-08,20:30:00,6493.0
2023-02-08,20:45:00,4693.0
2023-02-08,21:00:00,8706.0
2023-02-08,21:15:00,8752.0
2023-02-08,21:30:00,7303.0
2023-02-08,21:45:00,6362.0
2023-02-08,22:00:00,1986.0
2023-02-08,22:15:00,1100.0
2023-02-08,22:30:00,6660.0
2023-02-08,22:45:00,4746.0
2023-02-08,23:00:00,8635.0
2023-02-08,23:15:00,3941.0
2023-02-08,23:30:00,3534.0
2023-02-08,23:45:00,2499.0
2023-02-09,00:00:00,6854.0
2023-02-09,00:15:00,6476.0
2023-02-09,00:30:00,6875.0
2023-02-09,00:45:00,6392.0
2023-02-09,01:00:00,1453.0
2023-02-09,01:15:00,4677.0
2023-02-09,01:30:00,5063.0
2023-02-09,01:45:00,6056.0
2023-02-09,02:00:00,2403.0
2023-02-09,02:15:00,4143.0
2023-02-09,02:30:00,4386.0
2023-02-09,02:45:00,8187.0
2023-02-09,03:00:00,8306.0
2023-02-09,03:15:00,9764.0
2023-02-09,03:30:00,4408.0
2023-02-09,03:45:00,6494.0
2023-02-09,04:00:00,6653.0
2023-02-09,04:15:00,1888.0
2023-02-09,04:30:00,1695.0
2023-02-09,04:45:00,4416.0
2023-02-09,05:00:00,8997.0
2023-02-09,05:15:00,2778.0
2023-02-09,05:30:00,1113.0
2023-02-09,05:45:00,6116.0
2023-02-09,06:00:00,8635.0
2023-02-09,06:15:00,6688.0
2023-02-09,06:30:00,3434.0
2023-02-09,06:45:00,9616.0
2023-02-09,07:00:00,2406.0
2023-02-09,07:15:00,2275.0
2023-02-09,07:30:00,1235.0
2023-02-09,07:45:00,2476.0
2023-02-09,08:00:00,9907.0
2023-02-09,08:15:00,7934.0
2023-02-09,08:30:00,9516.0
2023-02-09,08:45:00,8423.0
2023-02-09,09:00:00,2242.0
2023-02-09,09:15:00,9599.0
2023-02-09,09:30:00,796.0
2023-02-09,09:45:00,1417.0
2023-02-09,10:00:00,4650.0
2023-02-09,10:15:00,576.0
2023-02-09,10:30:00,1977.0
2023-02-09,10:45:00,8778.0
2023-02-09,11:00:00,7943.0
2023-02-09,11:15:00,9507.0
2023-02-09,11:30:00,6507.0
2023-02-09,11:45:00,3623.0
2023-02-09,12:00:00,9477.0
2023-02-09,12:15:00,2659.0
2023-02-09,12:30:00,5899.0
2023-02-09,12:45:00,2259.0
2023-02-09,13:00:00,2012.0
2023-02-09,13:15:00,4807.0
2023-02-09,13:30:00,6612.0
2023-02-09,13:45:00,5657.0
2023-02-09,14:00:00,4075.0
2023-02-09,14:15:00,50.0
2023-02-09,14:30:00,349.0
2023-02-09,14:45:00,396.0
2023-02-09,15:00:00,4555.0
2023-02-09,15:15:00,6016.0
2023-02-09,15:30:00,5099.0
2023-02-09,15:45:00,2439.0
2023-02-09,16:00:00,4923.0
2023-02-09,16:15:00,355.0
2023-02-09,16:30:00,2283.0
2023-02-09,16:45:00,7768.0
2023-02-09,17:00:00,1716.0
2023-02-09,17:15:00,4054.0
2023-02-09,17:30:00,6859.0
2023-02-09,17:45:00,2978.0
2023-02-09,18:00:00,5467.0
2023-02-09,18:15:00,582.0
2023-02-09,18:30:00,4539.0
2023-02-09,18:45:00,8439.0
2023-02-09,19:00:00,3808.0
2023-02-09,19:15:00,743.0
2023-02-09,19:30:00,2141.0
2023-02-09,19:45:00,1603.0
2023-02-09,20:00:00,8427.0
2023-02-09,20:15:00,3248.0
2023-02-09,20:30:00,6831.0
2023-02-09,20:45:00,6652.0
2023-02-09,21:00:00,6076.0
2023-02-09,21:15:00,4463.0
2023-02-09,21:30:00,1667.0
2023-02-09,21:45:00,3356.0
2023-02-09,22:00:00,2283.0
2023-02-09,22:15:00,749.0
2023-02-09,22:30:00,9002.0
2023-02-09,22:45:00,5018.0
2023-02-09,23:00:00,2420.0
2023-02-09,23:15:00,6244.0
2023-02-09,23:30:00,958.0
2023-02-09,23:45:00,8915.0
2023-02-10,00:00:00,7132.0
2023-02-10,00:15:00,9446.0
2023-02-10,00:30:00,1572.0
2023-02-10,00:45:00,2816.0
2023-02-10,01:00:00,1336.0
2023-02-10,01:15:00,4111.0
2023-02-10,01:30:00,1994.0
2023-02-10,01:45:00,897.0
2023-02-10,02:00:00,8436.0
2023-02-10,02:15:00,961.0
2023-02-10,02:30:00,7161.0
2023-02-10,02:45:00,8034.0
2023-02-10,03:00:00,4359.0
2023-02-10,03:15:00,3305.0
2023-02-10,03:30:00,4404.0
2023-02-10,03:45:00,3816.0
2023-02-10,04:00:00,9046.0
2023-02-10,04:15:00,1528.0
2023-02-10,04:30:00,9245.0
2023-02-10,04:45:00,494.0
2023-02-10,05:00:00,8517.0
2023-02-10,05:15:00,711.0
2023-02-10,05:30:00,171.0
2023-02-10,05:45:00,602.0
2023-02-10,06:00:00,2853.0
2023-02-10,06:15:00,2965.0
2023-02-10,06:30:00,8556.0
2023-02-10,06:45:00,4293.0
2023-02-10,07:00:00,3290.0
2023-02-10,07:15:00,5187.0
2023-02-10,07:30:00,392.0
2023-02-10,07:45:00,4754.0
2023-02-10,08:00:00,3966.0
2023-02-10,08:15:00,9573.0
2023-02-10,08:30:00,717.0
2023-02-10,08:45:00,4376.0
2023-02-10,09:00:00,1500.0
2023-02-10,09:15:00,9085.0
2023-02-10,09:30:00,4764.0
2023-02-10,09:45:00,7334.0
2023-02-10,10:00:00,6639.0
2023-02-10,10:15:00,2288.0
2023-02-10,10:30:00,3860.0
2023-02-10,10:45:00,5381.0
2023-02-10,11:00:00,5892.0
2023-02-10,11:15:00,2353.0
2023-02-10,11:30:00,6010.0
2023-02-10,11:45:00,6064.0
2023-02-10,12:00:00,2630.0
2023-02-10,12:15:00,3398.0
2023-02-10,12:30:00,7173.0
2023-02-10,12:45:00,2982.0
2023-02-10,13:00:00,5711.0
2023-02-10,13:15:00,1456.0
2023-02-10,13:30:00,898.0
2023-02-10,13:45:00,2444.0
2023-02-10,14:00:00,5848.0
2023-02-10,14:15:00,5337.0
2023-02-10,14:30:00,4502.0
2023-02-10,14:45:00,6480.0
2023-02-10,15:00:00,3864.0
2023-02-10,15:15:00,9269.0
2023-02-10,15:30:00,2884.0
2023-02-10,15:45:00,8204.0
2023-02-10,16:00:00,3701.0
2023-02-10,16:15:00,6078.0
2023-02-10,16:30:00,2853.0
2023-02-10,16:45:00,5497.0
2023-02-10,17:00:00,6590.0
2023-02-10,17:15:00,6318.0
2023-02-10,17:30:00,1390.0
2023-02-10,17:45:00,1156.0
2023-02-10,18:00:00,5617.0
2023-02-10,18:15:00,5244.0
2023-02-10,18:30:00,1746.0
2023-02-10,18:45:00,9585.0
2023-02-10,19:00:00,3513.0
2023-02-10,19:15:00,7607.0
2023-02-10,19:30:00,6256.0
2023-02-10,19:45:00,5170.0
2023-02-10,20:00:00,4298.0
2023-02-10,20:15:00,1370.0
2023-02-10,20:30:00,1185.0
2023-02-10,20:45:00,6366.0
2023-02-10,21:00:00,3470.0
2023-02-10,21:15:00,6121.0
2023-02-10,21:30:00,3412.0
2023-02-10,21:45:00,8536.0
2023-02-10,22:00:00,224.0
2023-02-10,22:15:00,9300.0
2023-02-10,22:30:00,8036.0
2023-02-10,22:45:00,4341.0
2023-02-10,23:00:00,8184.0
2023-02-10,23:15:00,9673.0
2023-02-10,23:30:00,9680.0
2023-02-10,23:45:00,2220.0
2023-02-11,00:00:00,3291.0
2023-02-11,00:15:00,94.0
2023-02-11,00:30:00,255.0
2023-02-11,00:45:00,5477.0
2023-02-11,01:00:00,3304.0
2023-02-11,01:15:00,2917.0
2023-02-11,01:30:00,8369.0
2023-02-11,01:45:00,7322.0
2023-02-11,02:00:00,5705.0
2023-02-11,02:15:00,987.0
2023-02-11,02:30:00,6943.0
2023-02-11,02:45:00,164.0
2023-02-11,03:00:00,3227.0
2023-02-11,03:15:00,5079.0
2023-02-11,03:30:00,5286.0
2023-02-11,03:45:00,4063.0
2023-02-11,04:00:00,706.0
2023-02-11,04:15:00,7765.0
2023-02-11,04:30:00,5766.0
2023-02-11,04:45:00,5995.0
2023-02-11,05:00:00,9383.0
2023-02-11,05:15:00,8771.0
2023-02-11,05:30:00,8065.0
2023-02-11,05:45:00,1779.0
2023-02-11,06:00:00,2707.0
2023-02-11,06:15:00,5125.0
2023-02-11,06:30:00,7832.0
2023-02-11,06:45:00,4752.0
2023-02-11,07:00:00,525.0
2023-02-11,07:15:00,7113.0
2023-02-11,07:30:00,9747.0
2023-02-11,07:45:00,2728.0
2023-02-11,08:00:00,2669.0
2023-02-11,08:15:00,625.0
2023-02-11,08:30:00,6426.0
2023-02-11,08:45:00,9839.0
2023-02-11,09:00:00,562.0
2023-02-11,09:15:00,1742.0
2023-02-11,09:30:00,7925.0
2023-02-11,09:45:00,3860.0
2023-02-11,10:00:00,8192.0
2023-02-11,10:15:00,8042.0
2023-02-11,10:30:00,7700.0
2023-02-11,10:45:00,8270.0
2023-02-11,11:00:00,5887.0
2023-02-11,11:15:00,917.0
2023-02-11,11:30:00,3430.0
2023-02-11,11:45:00,2335.0
2023-02-11,12:00:00,3098.0
2023-02-11,12:15:00,5320.0
2023-02-11,12:30:00,7499.0
2023-02-11,12:45:00,8233.0
2023-02-11,13:00:00,4545.0
2023-02-11,13:15:00,6844.0
2023-02-11,13:30:00,6533.0
2023-02-11,13:45:00,178.0
2023-02-11,14:00:00,4025.0
2023-02-11,14:15:00,1295.0
2023-02-11,14:30:00,718.0
2023-02-11,14:45:00,2729.0
2023-02-11,15:00:00,5474.0
2023-02-11,15:15:00,7742.0
2023-02-11,15:30:00,3595.0
2023-02-11,15:45:00,2593.0
2023-02-11,16:00:00,1323.0
2023-02-11,16:15:00,6011.0
2023-02-11,16:30:00,9008.0
2023-02-11,16:45:00,6070.0
2023-02-11,17:00:00,518.0
2023-02-11,17:15:00,494.0
2023-02-11,17:30:00,9713.0
2023-02-11,17:45:00,8831.0
2023-02-11,18:00:00,1405.0
2023-02-11,18:15:00,6030.0
2023-02-11,18:30:00,8120.0
2023-02-11,18:45:00,1779.0
2023-02-11,19:00:00,4161.0
2023-02-11,19:15:00,6028.0
2023-02-11,19:30:00,6778.0
2023-02-11,19:45:00,4466.0
2023-02-11,20:00:00,9696.0
2023-02-11,20:15:00,3772.0
2023-02-11,20:30:00,1769.0
2023-02-11,20:45:00,2436.0
2023-02-11,21:00:00,5925.0
2023-02-11,21:15:00,2150.0
2023-02-11,21:30:00,7363.0
2023-02-11,21:45:00,9541.0
2023-02-11,22:00:00,1953.0
2023-02-11,22:15:00,1386.0
2023-02-11,22:30:00,5098.0
2023-02-11,22:45:00,2371.0
2023-02-11,23:00:00,4128.0
2023-02-11,23:15:00,6528.0
2023-02-11,23:30:00,9121.0
2023-02-11,23:45:00,4913.0
2023-02-12,00:00:00,8947.0
2023-02-12,00:15:00,8552.0
2023-02-12,00:30:00,8957.0
2023-02-12,00:45:00,2535.0
2023-02-12,01:00:00,3524.0
2023-02-12,01:15:00,2718.0
2023-02-12,01:30:00,2928.0
2023-02-12,01:45:00,3919.0
2023-02-12,02:00:00,3396.0
2023-02-12,02:15:00,2492.0
2023-02-12,02:30:00,9461.0
2023-02-12,02:45:00,9914.0
2023-02-12,03:00:00,3979.0
2023-02-12,03:15:00,4889.0
2023-02-12,03:30:00,7829.0
2023-02-12,03:45:00,1575.0
2023-02-12,04:00:00,2744.0
2023-02-12,04:15:00,9874.0
2023-02-12,04:30:00,5900.0
2023-02-12,04:45:00,3746.0
2023-02-12,05:00:00,4003.0
2023-02-12,05:15:00,9537.0
2023-02-12,05:30:00,220.0
2023-02-12,05:45:00,6745.0
2023-02-12,06:00:00,9062.0
2023-02-12,06:15:00,4723.0
2023-02-12,06:30:00,1965.0
2023-02-12,06:45:00,1163.0
2023-02-12,07:00:00,6680.0
2023-02-12,07:15:00,6479.0
2023-02-12,07:30:00,1566.0
2023-02-12,07:45:00,9856.0
2023-02-12,08:00:00,3832.0
2023-02-12,08:15:00,4447.0
2023-02-12,08:30:00,1021.0
2023-02-12,08:45:00,285.0
2023-02-12,09:00:00,5996.0
2023-02-12,09:15:00,2136.0
2023-02-12,09:30:00,8601.0
2023-02-12,09:45:00,8875.0
2023-02-12,10:00:00,154.0
2023-02-12,10:15:00,5189.0
2023-02-12,10:30:00,495.0
2023-02-12,10:45:00,9313.0
2023-02-12,11:00:00,2656.0
2023-02-12,11:15:00,7453.0
2023-02-12,11:30:00,2722.0
2023-02-12,11:45:00,3735.0
2023-02-12,12:00:00,4474.0
2023-02-12,12:15:00,7568.0
2023-02-12,12:30:00,6150.0
2023-02-12,12:45:00,7164.0
2023-02-12,13:00:00,5427.0
2023-02-12,13:15:00,5881.0
2023-02-12,13:30:00,5877.0
2023-02-12,13:45:00,1625.0
2023-02-12,14:00:00,379.0
2023-02-12,14:15:00,2195.0
2023-02-12,14:30:00,5102.0
2023-02-12,14:45:00,9384.0
2023-02-12,15:00:00,8786.0
2023-02-12,15:15:00,8461.0
2023-02-12,15:30:00,8323.0
2023-02-12,15:45:00,8965.0
2023-02-12,16:00:00,1950.0
2023-02-12,16:15:00,8760.0
2023-02-12,16:30:00,938.0
2023-02-12,16:45:00,1842.0
2023-02-12,17:00:00,569.0
2023-02-12,17:15:00,698.0
2023-02-12,17:30:00,3377.0
2023-02-12,17:45:00,4277.0
2023-02-12,18:00:00,2635.0
2023-02-12,18:15:00,3340.0
2023-02-12,18:30:00,9723.0
2023-02-12,18:45:00,3079.0
2023-02-12,19:00:00,6443.0
2023-02-12,19:15:00,5659.0
2023-02-12,19:30:00,7805.0
2023-02-12,19:45:00,8615.0
2023-02-12,20:00:00,4806.0
2023-02-12,20:15:00,8689.0
2023-02-12,20:30:00,3450.0
2023-02-12,20:45:00,8323.0
2023-02-12,21:00:00,1099.0
2023-02-12,21:15:00,2733.0
2023-02-12,21:30:00,4463.0
2023-02-12,21:45:00,5395.0
2023-02-12,22:00:00,9098.0
2023-02-12,22:15:00,5761.0
2023-02-12,22:30:00,5396.0
2023-02-12,22:45:00,7189.0
2023-02-12,23:00:00,1868.0
2023-02-12,23:15:00,5437.0
2023-02-12,23:30:00,1886.0
2023-02-12,23:45:00,4983.0
2023-02-13,00:00:00,2054.0
2023-02-13,00:15:00,7474.0
2023-02-13,00:30:00,3304.0
2023-02-13,00:45:00,8774.0
2023-02-13,01:00:00,1711.0
2023-02-13,01:15:00,8471.0
2023-02-13,01:30:00,9461.0
2023-02-13,01:45:00,2142.0
2023-02-13,02:00:00,1608.0
2023-02-13,02:15:00,9737.0
2023-02-13,02:30:00,5329.0
2023-02-13,02:45:00,5238.0
2023-02-13,03:00:00,4104.0
2023-02-13,03:15:00,2822.0
2023-02-13,03:30:00,1937.0
2023-02-13,03:45:00,5921.0
2023-02-13,04:00:00,7491.0
2023-02-13,04:15:00,912.0
2023-02-13,04:30:00,6565.0
2023-02-13,04:45:00,9770.0
2023-02-13,05:00:00,1201.0
2023-02-13,05:15:00,8095.0
2023-02-13,05:30:00,5390.0
2023-02-13,05:45:00,9262.0
2023-02-13,06:00:00,8190.0
2023-02-13,06:15:00,8328.0
2023-02-13,06:30:00,5788.0
2023-02-13,06:45:00,8332.0
2023-02-13,07:00:00,1130.0
2023-02-13,07:15:00,6865.0
2023-02-13,07:30:00,8919.0
2023-02-13,07:45:00,827.0
2023-02-13,08:00:00,7458.0
2023-02-13,08:15:00,5332.0
2023-02-13,08:30:00,5048.0
2023-02-13,08:45:00,2825.0
2023-02-13,09:00:00,9025.0
2023-02-13,09:15:00,2376.0
2023-02-13,09:30:00,4341.0
2023-02-13,09:45:00,5781.0
2023-02-13,10:00:00,6099.0
2023-02-13,10:15:00,2077.0
2023-02-13,10:30:00,2240.0
2023-02-13,10:45:00,8379.0
2023-02-13,11:00:00,9453.0
2023-02-13,11:15:00,760.0
2023-02-13,11:30:00,8409.0
2023-02-13,11:45:00,38.0
2023-02-13,12:00:00,4741.0
2023-02-13,12:15:00,2635.0
2023-02-13,12:30:00,7573.0
2023-02-13,12:45:00,1075.0
2023-02-13,13:00:00,2447.0
2023-02-13,13:15:00,9561.0
2023-02-13,13:30:00,7235.0
2023-02-13,13:45:00,11.0
2023-02-13,14:00:00,1103.0
2023-02-13,14:15:00,4686.0
2023-02-13,14:30:00,8808.0
2023-02-13,14:45:00,1864.0
2023-02-13,15:00:00,349.0
2023-02-13,15:15:00,4457.0
2023-02-13,15:30:00,2517.0
2023-02-13,15:45:00,3574.0
2023-02-13,16:00:00,5679.0
2023-02-13,16:15:00,6301.0
2023-02-13,16:30:00,2552.0
2023-02-13,16:45:00,48.0
2023-02-13,17:00:00,562.0
2023-02-13,17:15:00,1915.0
2023-02-13,17:30:00,7878.0
2023-02-13,17:45:00,4481.0
2023-02-13,18:00:00,9539.0
2023-02-13,18:15:00,6721.0
2023-02-13,18:30:00,6340.0
2023-02-13,18:45:00,8446.0
2023-02-13,19:00:00,5520.0
2023-02-13,19:15:00,4836.0
2023-02-13,19:30:00,6829.0
2023-02-13,19:45:00,4910.0
2023-02-13,20:00:00,3398.0
2023-02-13,20:15:00,3041.0
2023-02-13,20:30:00,3418.0
2023-02-13,20:45:00,8904.0
2023-02-13,21:00:00,2104.0
2023-02-13,21:15:00,6623.0
2023-02-13,21:30:00,9399.0
2023-02-13,21:45:00,3777.0
2023-02-13,22:00:00,8283.0
2023-02-13,22:15:00,780.0
2023-02-13,22:30:00,4581.0
2023-02-13,22:45:00,1756.0
2023-02-13,23:00:00,2913.0
2023-02-13,23:15:00,2333.0
2023-02-13,23:30:00,68.0
2023-02-13,23:45:00,7658.0
2023-02-14,00:00:00,1982.0
2023-02-14,00:15:00,7007.0
2023-02-14,00:30:00,9793.0
2023-02-14,00:45:00,6111.0
2023-02-14,01:00:00,6643.0
2023-02-14,01:15:00,7336.0
2023-02-14,01:30:00,925.0
2023-02-14,01:45:00,9217.0
2023-02-14,02:00:00,1209.0
2023-02-14,02:15:00,4507.0
2023-02-14,02:30:00,2653.0
2023-02-14,02:45:00,903.0
2023-02-14,03:00:00,5864.0
2023-02-14,03:15:00,7247.0
2023-02-14,03:30:00,7041.0
2023-02-14,03:45:00,7337.0
2023-02-14,04:00:00,6076.0
2023-02-14,04:15:00,5441.0
2023-02-14,04:30:00,2013.0
2023-02-14,04:45:00,2558.0
2023-02-14,05:00:00,932.0
2023-02-14,05:15:00,9663.0
2023-02-14,05:30:00,7681.0
2023-02-14,05:45:00,5865.0
2023-02-14,06:00:00,7854.0
2023-02-14,06:15:00,7364.0
2023-02-14,06:30:00,5180.0
2023-02-14,06:45:00,3237.0
2023-02-14,07:00:00,5467.0
2023-02-14,07:15:00,7726.0
2023-02-14,07:30:00,3491.0
2023-02-14,07:45:00,4180.0
2023-02-14,08:00:00,9598.0
2023-02-14,08:15:00,9947.0
2023-02-14,08:30:00,2070.0
2023-02-14,08:45:00,2784.0
2023-02-14,09:00:00,2455.0
2023-02-14,09:15:00,9161.0
2023-02-14,09:30:00,6318.0
2023-02-14,09:45:00,3038.0
2023-02-14,10:00:00,3022.0
2023-02-14,10:15:00,8283.0
2023-02-14,10:30:00,2899.0
2023-02-14,10:45:00,2626.0
2023-02-14,11:00:00,5464.0
2023-02-14,11:15:00,1656.0
2023-02-14,11:30:00,9316.0
2023-02-14,11:45:00,9420.0
2023-02-14,12:00:00,6342.0
2023-02-14,12:15:00,9038.0
2023-02-14,12:30:00,5067.0
2023-02-14,12:45:00,5971.0
2023-02-14,13:00:00,7104.0
2023-02-14,13:15:00,1004.0
2023-02-14,13:30:00,2861.0
2023-02-14,13:45:00,8089.0
2023-02-14,14:00:00,1117.0
2023-02-14,14:15:00,2629.0
2023-02-14,14:30:00,4689.0
2023-02-14,14:45:00,5632.0
2023-02-14,15:00:00,6347.0
2023-02-14,15:15:00,166.0
2023-02-14,15:30:00,3959.0
2023-02-14,15:45:00,2526.0
2023-02-14,16:00:00,1499.0
2023-02-14,16:15:00,1440.0
2023-02-14,16:30:00,3045.0
2023-02-14,16:45:00,9601.0
2023-02-14,17:00:00,7767.0
2023-02-14,17:15:00,1611.0
2023-02-14,17:30:00,4191.0
2023-02-14,17:45:00,3525.0
2023-02-14,18:00:00,7595.0
2023-02-14,18:15:00,125.0
2023-02-14,18:30:00,1679.0
2023-02-14,18:45:00,1579.0
2023-02-14,19:00:00,2888.0
2023-02-14,19:15:00,7926.0
2023-02-14,19:30:00,5678.0
2023-02-14,19:45:00,9199.0
2023-02-14,20:00:00,8082.0
2023-02-14,20:15:00,8231.0
2023-02-14,20:30:00,6298.0
2023-02-14,20:45:00,3880.0
2023-02-14,21:00:00,5854.0
2023-02-14,21:15:00,5837.0
2023-02-14,21:30:00,7864.0
2023-02-14,21:45:00,8226.0
2023-02-14,22:00:00,2763.0
2023-02-14,22:15:00,6472.0
2023-02-14,22:30:00,4149.0
2023-02-14,22:45:00,8003.0
2023-02-14,23:00:00,2149.0
2023-02-14,23:15:00,9241.0
2023-02-14,23:30:00,613.0
2023-02-14,23:45:00,7171.0
2023-02-15,00:00:00,22.0
2023-02-15,00:15:00,3463.0
2023-02-15,00:30:00,1444.0
2023-02-15,00:45:00,5382.0
2023-02-15,01:00:00,4319.0
2023-02-15,01:15:00,5650.0
2023-02-15,01:30:00,6940.0
2023-02-15,01:45:00,1034.0
2023-02-15,02:00:00,8492.0
2023-02-15,02:15:00,9434.0
2023-02-15,02:30:00,1797.0
2023-02-15,02:45:00,6415.0
2023-02-15,03:00:00,5431.0
2023-02-15,03:15:00,4821.0
2023-02-15,03:30:00,608.0
2023-02-15,03:45:00,3526.0
2023-02-15,04:00:00,7609.0
2023-02-15,04:15:00,7788.0
2023-02-15,04:30:00,4152.0
2023-02-15,04:45:00,7967.0
2023-02-15,05:00:00,6476.0
2023-02-15,05:15:00,2825.0
2023-02-15,05:30:00,2077.0
2023-02-15,05:45:00,5674.0
2023-02-15,06:00:00,8896.0
2023-02-15,06:15:00,3372.0
2023-02-15,06:30:00,4584.0
2023-02-15,06:45:00,1695.0
2023-02-15,07:00:00,8088.0
2023-02-15,07:15:00,6449.0
2023-02-15,07:30:00,509.0
2023-02-15,07:45:00,9905.0
2023-02-15,08:00:00,1589.0
2023-02-15,08:15:00,570.0
2023-02-15,08:30:00,9220.0
2023-02-15,08:45:00,1294.0
2023-02-15,09:00:00,6398.0
2023-02-15,09:15:00,6380.0
2023-02-15,09:30:00,6178.0
2023-02-15,09:45:00,8889.0
2023-02-15,10:00:00,5010.0
2023-02-15,10:15:00,4895.0
2023-02-15,10:30:00,7935.0
2023-02-15,10:45:00,3656.0
2023-02-15,11:00:00,8960.0
2023-02-15,11:15:00,4707.0
2023-02-15,11:30:00,6478.0
2023-02-15,11:45:00,1895.0
2023-02-15,12:00:00,7730.0
2023-02-15,12:15:00,6039.0
2023-02-15,12:30:00,1681.0
2023-02-15,12:45:00,6798.0
2023-02-15,13:00:00,2131.0
2023-02-15,13:15:00,246.0
2023-02-15,13:30:00,1035.0
2023-02-15,13:45:00,8017.0
2023-02-15,14:00:00,3246.0
2023-02-15,14:15:00,8986.0
2023-02-15,14:30:00,6773.0
2023-02-15,14:45:00,6606.0
2023-02-15,15:00:00,7335.0
2023-02-15,15:15:00,8796.0
2023-02-15,15:30:00,9039.0
2023-02-15,15:45:00,8272.0
2023-02-15,16:00:00,7237.0
2023-02-15,16:15:00,6326.0
2023-02-15,16:30:00,6928.0
2023-02-15,16:45:00,1975.0
2023-02-15,17:00:00,1754.0
2023-02-15,17:15:00,3604.0
2023-02-15,17:30:00,955.0
2023-02-15,17:45:00,8960.0
2023-02-15,18:00:00,5691.0
2023-02-15,18:15:00,3451.0
2023-02-15,18:30:00,5187.0
2023-02-15,18:45:00,6040.0
2023-02-15,19:00:00,788.0
2023-02-15,19:15:00,9701.0
2023-02-15,19:30:00,128.0
2023-02-15,19:45:00,1599.0
2023-02-15,20:00:00,5214.0
2023-02-15,20:15:00,5609.0
2023-02-15,20:30:00,491.0
2023-02-15,20:45:00,4987.0
2023-02-15,21:00:00,8647.0
2023-02-15,21:15:00,7051.0
2023-02-15,21:30:00,1405.0
2023-02-15,21:45:00,8185.0
2023-02-15,22:00:00,2597.0
2023-02-15,22:15:00,1421.0
2023-02-15,22:30:00,6361.0
2023-02-15,22:45:00,2793.0
2023-02-15,23:00:00,6646.0
2023-02-15,23:15:00,7622.0
2023-02-15,23:30:00,6803.0
2023-02-15,23:45:00,6958.0
2023-02-16,00:00:00,825.0
2023-02-16,00:15:00,516.0
2023-02-16,00:30:00,8757.0
2023-02-16,00:45:00,7217.0
2023-02-16,01:00:00,6375.0
2023-02-16,01:15:00,1938.0
2023-02-16,01:30:00,7412.0
2023-02-16,01:45:00,1058.0
2023-02-16,02:00:00,3041.0
2023-02-16,02:15:00,5026.0
2023-02-16,02:30:00,6319.0
2023-02-16,02:45:00,6540.0
2023-02-16,03:00:00,8045.0
2023-02-16,03:15:00,9245.0
2023-02-16,03:30:00,4240.0
2023-02-16,03:45:00,1265.0
2023-02-16,04:00:00,1400.0
2023-02-16,04:15:00,2562.0
2023-02-16,04:30:00,2975.0
2023-02-16,04:45:00,8941.0
2023-02-16,05:00:00,1541.0
2023-02-16,05:15:00,2971.0
2023-02-16,05:30:00,1682.0
2023-02-16,05:45:00,8156.0
2023-02-16,06:00:00,9113.0
2023-02-16,06:15:00,2309.0
2023-02-16,06:30:00,590.0
2023-02-16,06:45:00,194.0
2023-02-16,07:00:00,518.0
2023-02-16,07:15:00,4288.0
2023-02-16,07:30:00,2564.0
2023-02-16,07:45:00,7862.0
2023-02-16,08:00:00,2468.0
2023-02-16,08:15:00,3949.0
2023-02-16,08:30:00,900.0
2023-02-16,08:45:00,5095.0
2023-02-16,09:00:00,4719.0
2023-02-16,09:15:00,2645.0
2023-02-16,09:30:00,5920.0
2023-02-16,09:45:00,3491.0
2023-02-16,10:00:00,7852.0
2023-02-16,10:15:00,2316.0
2023-02-16,10:30:00,2918.0
2023-02-16,10:45:00,2116.0
2023-02-16,11:00:00,9707.0
2023-02-16,11:15:00,2477.0
2023-02-16,11:30:00,7349.0
2023-02-16,11:45:00,4170.0
2023-02-16,12:00:00,2861.0
2023-02-16,12:15:00,8742.0
2023-02-16,12:30:00,2451.0
2023-02-16,12:45:00,9128.0
2023-02-16,13:00:00,3294.0
2023-02-16,13:15:00,3839.0
2023-02-16,13:30:00,7777.0
2023-02-16,13:45:00,4045.0
2023-02-16,14:00:00,5630.0
2023-02-16,14:15:00,700.0
2023-02-16,14:30:00,8167.0
2023-02-16,14:45:00,7810.0
2023-02-16,15:00:00,1520.0
2023-02-16,15:15:00,9566.0
2023-02-16,15:30:00,4575.0
2023-02-16,15:45:00,2178.0
2023-02-16,16:00:00,1500.0
2023-02-16,16:15:00,6442.0
2023-02-16,16:30:00,7294.0
2023-02-16,16:45:00,900.0
2023-02-16,17:00:00,9278.0
2023-02-16,17:15:00,4049.0
2023-02-16,17:30:00,9488.0
2023-02-16,17:45:00,5631.0
2023-02-16,18:00:00,5008.0
2023-02-16,18:15:00,4713.0
2023-02-16,18:30:00,8109.0
2023-02-16,18:45:00,9701.0
2023-02-16,19:00:00,6876.0
2023-02-16,19:15:00,7046.0
2023-02-16,19:30:00,6443.0
2023-02-16,19:45:00,6906.0
2023-02-16,20:00:00,6885.0
2023-02-16,20:15:00,5590.0
2023-02-16,20:30:00,8683.0
2023-02-16,20:45:00,667.0
2023-02-16,21:00:00,3989.0
2023-02-16,21:15:00,8514.0
2023-02-16,21:30:00,5453.0
2023-02-16,21:45:00,3444.0
2023-02-16,22:00:00,9021.0
2023-02-16,22:15:00,4192.0
2023-02-16,22:30:00,9149.0
2023-02-16,22:45:00,7665.0
2023-02-16,23:00:00,4663.0
2023-02-16,23:15:00,341.0
2023-02-16,23:30:00,1485.0
2023-02-16,23:45:00,7935.0
2023-02-17,00:00:00,6456.0
2023-02-17,00:15:00,2409.0
2023-02-17,00:30:00,6686.0
2023-02-17,00:45:00,6489.0
2023-02-17,01:00:00,1348.0
2023-02-17,01:15:00,428.0
2023-02-17,01:30:00,6568.0
2023-02-17,01:45:00,5651.0
2023-02-17,02:00:00,4746.0
2023-02-17,02:15:00,804.0
2023-02-17,02:30:00,6850.0
2023-02-17,02:45:00,7981.0
2023-02-17,03:00:00,8559.0
2023-02-17,03:15:00,7182.0
2023-02-17,03:30:00,6223.0
2023-02-17,03:45:00,2428.0
2023-02-17,04:00:00,9147.0
2023-02-17,04:15:00,4863.0
2023-02-17,04:30:00,4650.0
2023-02-17,04:45:00,7137.0
2023-02-17,05:00:00,182.0
2023-02-17,05:15:00,4880.0
2023-02-17,05:30:00,5267.0
2023-02-17,05:45:00,497.0
2023-02-17,06:00:00,5711.0
2023-02-17,06:15:00,7049.0
2023-02-17,06:30:00,1584.0
2023-02-17,06:45:00,9432.0
2023-02-17,07:00:00,4389.0
2023-02-17,07:15:00,8797.0
2023-02-17,07:30:00,8012.0
2023-02-17,07:45:00,4870.0
2023-02-17,08:00:00,3862.0
2023-02-17,08:15:00,4226.0
2023-02-17,08:30:00,1113.0
2023-02-17,08:45:00,5462.0
2023-02-17,09:00:00,5208.0
2023-02-17,09:15:00,8336.0
2023-02-17,09:30:00,7085.0
2023-02-17,09:45:00,912.0
2023-02-17,10:00:00,4103.0
2023-02-17,10:15:00,4338.0
2023-02-17,10:30:00,5702.0
2023-02-17,10:45:00,2496.0
2023-02-17,11:00:00,5206.0
2023-02-17,11:15:00,8647.0
2023-02-17,11:30:00,2968.0
2023-02-17,11:45:00,2185.0
2023-02-17,12:00:00,7586.0
2023-02-17,12:15:00,4980.0
2023-02-17,12:30:00,6752.0
2023-02-17,12:45:00,986.0
2023-02-17,13:00:00,9047.0
2023-02-17,13:15:00,5073.0
2023-02-17,13:30:00,1106.0
2023-02-17,13:45:00,5098.0
2023-02-17,14:00:00,3775.0
2023-02-17,14:15:00,3395.0
2023-02-17,14:30:00,5028.0
2023-02-17,14:45:00,5145.0
2023-02-17,15:00:00,3502.0
2023-02-17,15:15:00,3081.0
2023-02-17,15:30:00,8238.0
2023-02-17,15:45:00,5227.0
2023-02-17,16:00:00,9355.0
2023-02-17,16:15:00,7356.0
2023-02-17,16:30:00,564.0
2023-02-17,16:45:00,7989.0
2023-02-17,17:00:00,2894.0
2023-02-17,17:15:00,8711.0
2023-02-17,17:30:00,3837.0
2023-02-17,17:45:00,5149.0
2023-02-17,18:00:00,7301.0
2023-02-17,18:15:00,2819.0
2023-02-17,18:30:00,9519.0
2023-02-17,18:45:00,4610.0
2023-02-17,19:00:00,9335.0
2023-02-17,19:15:00,2743.0
2023-02-17,19:30:00,1885.0
2023-02-17,19:45:00,3701.0
2023-02-17,20:00:00,5188.0
2023-02-17,20:15:00,5301.0
2023-02-17,20:30:00,6334.0
2023-02-17,20:45:00,8442.0
2023-02-17,21:00:00,2184.0
2023-02-17,21:15:00,8130.0
2023-02-17,21:30:00,4244.0
2023-02-17,21:45:00,2764.0
2023-02-17,22:00:00,8852.0
2023-02-17,22:15:00,3292.0
2023-02-17,22:30:00,4607.0
2023-02-17,22:45:00,6950.0
2023-02-17,23:00:00,9169.0
2023-02-17,23:15:00,3211.0
2023-02-17,23:30:00,9579.0
2023-02-17,23:45:00,6586.0
2023-02-18,00:00:00,2949.0
2023-02-18,00:15:00,367.0
2023-02-18,00:30:00,3065.0
2023-02-18,00:45:00,3263.0
2023-02-18,01:00:00,5193.0
2023-02-18,01:15:00,9929.0
2023-02-18,01:30:00,1609.0
2023-02-18,01:45:00,335.0
2023-02-18,02:00:00,2901.0
2023-02-18,02:15:00,1952.0
2023-02-18,02:30:00,8406.0
2023-02-18,02:45:00,9091.0
2023-02-18,03:00:00,54.0
2023-02-18,03:15:00,2996.0
2023-02-18,03:30:00,5367.0
2023-02-18,03:45:00,5096.0
2023-02-18,04:00:00,4986.0
2023-02-18,04:15:00,7213.0
2023-02-18,04:30:00,611.0
2023-02-18,04:45:00,2626.0
2023-02-18,05:00:00,9540.0
2023-02-18,05:15:00,4762.0
2023-02-18,05:30:00,9587.0
2023-02-18,05:45:00,2086.0
2023-02-18,06:00:00,5115.0
2023-02-18,06:15:00,3748.0
2023-02-18,06:30:00,4653.0
2023-02-18,06:45:00,814.0
2023-02-18,07:00:00,3013.0
2023-02-18,07:15:00,3542.0
2023-02-18,07:30:00,4733.0
2023-02-18,07:45:00,3211.0
2023-02-18,08:00:00,8685.0
2023-02-18,08:15:00,4350.0
2023-02-18,08:30:00,6909.0
2023-02-18,08:45:00,4239.0
2023-02-18,09:00:00,4031.0
2023-02-18,09:15:00,5590.0
2023-02-18,09:30:00,5262.0
2023-02-18,09:45:00,131.0
2023-02-18,10:00:00,1181.0
2023-02-18,10:15:00,3277.0
2023-02-18,10:30:00,5705.0
2023-02-18,10:45:00,4583.0
2023-02-18,11:00:00,1163.0
2023-02-18,11:15:00,8630.0
2023-02-18,11:30:00,9042.0
2023-02-18,11:45:00,9640.0
2023-02-18,12:00:00,5535.0
2023-02-18,12:15:00,9197.0
2023-02-18,12:30:00,8114.0
2023-02-18,12:45:00,2236.0
2023-02-18,13:00:00,9618.0
2023-02-18,13:15:00,5253.0
2023-02-18,13:30:00,698.0
2023-02-18,13:45:00,4857.0
2023-02-18,14:00:00,234.0
2023-02-18,14:15:00,5419.0
2023-02-18,14:30:00,8758.0
2023-02-18,14:45:00,5911.0
2023-02-18,15:00:00,3448.0
2023-02-18,15:15:00,417.0
2023-02-18,15:30:00,1536.0
2023-02-18,15:45:00,3908.0
2023-02-18,16:00:00,1096.0
2023-02-18,16:15:00,3845.0
2023-02-18,16:30:00,8795.0
2023-02-18,16:45:00,1532.0
2023-02-18,17:00:00,8099.0
2023-02-18,17:15:00,8068.0
2023-02-18,17:30:00,6615.0
2023-02-18,17:45:00,1235.0
2023-02-18,18:00:00,3629.0
2023-02-18,18:15:00,6479.0
2023-02-18,18:30:00,2522.0
2023-02-18,18:45:00,3603.0
2023-02-18,19:00:00,6001.0
2023-02-18,19:15:00,4269.0
2023-02-18,19:30:00,7566.0
2023-02-18,19:45:00,7371.0
2023-02-18,20:00:00,5520.0
2023-02-18,20:15:00,4909.0
2023-02-18,20:30:00,2678.0
2023-02-18,20:45:00,738.0
2023-02-18,21:00:00,1714.0
2023-02-18,21:15:00,767.0
2023-02-18,21:30:00,1386.0
2023-02-18,21:45:00,5957.0
2023-02-18,22:00:00,241.0
2023-02-18,22:15:00,8437.0
2023-02-18,22:30:00,8665.0
2023-02-18,22:45:00,7593.0
2023-02-18,23:00:00,4494.0
2023-02-18,23:15:00,6479.0
2023-02-18,23:30:00,3148.0
2023-02-18,23:45:00,5065.0
2023-02-19,00:00:00,8055.0
2023-02-19,00:15:00,3047.0
2023-02-19,00:30:00,2733.0
2023-02-19,00:45:00,8055.0
2023-02-19,01:00:00,3863.0
2023-02-19,01:15:00,9422.0
2023-02-19,01:30:00,618.0
2023-02-19,01:45:00,4893.0
2023-02-19,02:00:00,1902.0
2023-02-19,02:15:00,8589.0
2023-02-19,02:30:00,7852.0
2023-02-19,02:45:00,2086.0
2023-02-19,03:00:00,5508.0
2023-02-19,03:15:00,3623.0
2023-02-19,03:30:00,4709.0
2023-02-19,03:45:00,1400.0
2023-02-19,04:00:00,4634.0
2023-02-19,04:15:00,7855.0
2023-02-19,04:30:00,3027.0
2023-02-19,04:45:00,3213.0
2023-02-19,05:00:00,6473.0
2023-02-19,05:15:00,6105.0
2023-02-19,05:30:00,7365.0
2023-02-19,05:45:00,8902.0
2023-02-19,06:00:00,2546.0
2023-02-19,06:15:00,1412.0
2023-02-19,06:30:00,636.0
2023-02-19,06:45:00,989.0
2023-02-19,07:00:00,4736.0
2023-02-19,07:15:00,4057.0
2023-02-19,07:30:00,3789.0
2023-02-19,07:45:00,5325.0
2023-02-19,08:00:00,1696.0
2023-02-19,08:15:00,9465.0
2023-02-19,08:30:00,9537.0
2023-02-19,08:45:00,9701.0
2023-02-19,09:00:00,1731.0
2023-02-19,09:15:00,7198.0
2023-02-19,09:30:00,8755.0
2023-02-19,09:45:00,2607.0
2023-02-19,10:00:00,1369.0
2023-02-19,10:15:00,9415.0
2023-02-19,10:30:00,3028.0
2023-02-19,10:45:00,2082.0
2023-02-19,11:00:00,1039.0
2023-02-19,11:15:00,7251.0
2023-02-19,11:30:00,1469.0
2023-02-19,11:45:00,7464.0
2023-02-19,12:00:00,2339.0
2023-02-19,12:15:00,8846.0
2023-02-19,12:30:00,5802.0
2023-02-19,12:45:00,5602.0
2023-02-19,13:00:00,6156.0
2023-02-19,13:15:00,6451.0
2023-02-19,13:30:00,5030.0
2023-02-19,13:45:00,7697.0
2023-02-19,14:00:00,7754.0
2023-02-19,14:15:00,9781.0
2023-02-19,14:30:00,9170.0
2023-02-19,14:45:00,2833.0
2023-02-19,15:00:00,5573.0
2023-02-19,15:15:00,8103.0
2023-02-19,15:30:00,9950.0
2023-02-19,15:45:00,7646.0
2023-02-19,16:00:00,9491.0
2023-02-19,16:15:00,3076.0
2023-02-19,16:30:00,734.0
2023-02-19,16:45:00,2048.0
2023-02-19,17:00:00,1344.0
2023-02-19,17:15:00,7429.0
2023-02-19,17:30:00,6674.0
2023-02-19,17:45:00,5493.0
2023-02-19,18:00:00,2310.0
2023-02-19,18:15:00,8990.0
2023-02-19,18:30:00,4564.0
2023-02-19,18:45:00,5265.0
2023-02-19,19:00:00,4405.0
2023-02-19,19:15:00,6126.0
2023-02-19,19:30:00,9817.0
2023-02-19,19:45:00,3076.0
2023-02-19,20:00:00,2144.0
2023-02-19,20:15:00,9154.0
2023-02-19,20:30:00,8164.0
2023-02-19,20:45:00,9217.0
2023-02-19,21:00:00,7886.0
2023-02-19,21:15:00,588.0
2023-02-19,21:30:00,4271.0
2023-02-19,21:45:00,6273.0
2023-02-19,22:00:00,4754.0
2023-02-19,22:15:00,5555.0
2023-02-19,22:30:00,8785.0
2023-02-19,22:45:00,3176.0
2023-02-19,23:00:00,6229.0
2023-02-19,23:15:00,6160.0
2023-02-19,23:30:00,6634.0
2023-02-19,23:45:00,1856.0
2023-02-20,00:00:00,6938.0
2023-02-20,00:15:00,375.0
2023-02-20,00:30:00,1641.0
2023-02-20,00:45:00,8311.0
2023-02-20,01:00:00,8394.0
2023-02-20,01:15:00,8961.0
2023-02-20,01:30:00,6292.0
2023-02-20,01:45:00,6157.0
2023-02-20,02:00:00,4235.0
2023-02-20,02:15:00,7030.0
2023-02-20,02:30:00,7597.0
2023-02-20,02:45:00,4649.0
2023-02-20,03:00:00,5898.0
2023-02-20,03:15:00,8481.0
2023-02-20,03:30:00,5193.0
2023-02-20,03:45:00,9703.0
2023-02-20,04:00:00,3668.0
2023-02-20,04:15:00,6073.0
2023-02-20,04:30:00,500.0
2023-02-20,04:45:00,6373.0
2023-02-20,05:00:00,7998.0
2023-02-20,05:15:00,9073.0
2023-02-20,05:30:00,5964.0
2023-02-20,05:45:00,8079.0
2023-02-20,06:00:00,7652.0
2023-02-20,06:15:00,9232.0
2023-02-20,06:30:00,7915.0
2023-02-20,06:45:00,7240.0
2023-02-20,07:00:00,2981.0
2023-02-20,07:15:00,9200.0
2023-02-20,07:30:00,3916.0
2023-02-20,07:45:00,4833.0
2023-02-20,08:00:00,1308.0
2023-02-20,08:15:00,6240.0
2023-02-20,08:30:00,4012.0
2023-02-20,08:45:00,5329.0
2023-02-20,09:00:00,3143.0
2023-02-20,09:15:00,9311.0
2023-02-20,09:30:00,2435.0
2023-02-20,09:45:00,1355.0
2023-02-20,10:00:00,8030.0
2023-02-20,10:15:00,716.0
2023-02-20,10:30:00,63.0
2023-02-20,10:45:00,9430.0
2023-02-20,11:00:00,5086.0
2023-02-20,11:15:00,8158.0
2023-02-20,11:30:00,6887.0
2023-02-20,11:45:00,5385.0
2023-02-20,12:00:00,6358.0
2023-02-20,12:15:00,9906.0
2023-02-20,12:30:00,8465.0
2023-02-20,12:45:00,1178.0
2023-02-20,13:00:00,8955.0
2023-02-20,13:15:00,8453.0
2023-02-20,13:30:00,6297.0
2023-02-20,13:45:00,5340.0
2023-02-20,14:00:00,9371.0
2023-02-20,14:15:00,1110.0
2023-02-20,14:30:00,7468.0
2023-02-20,14:45:00,2332.0
2023-02-20,15:00:00,9664.0
2023-02-20,15:15:00,1283.0
2023-02-20,15:30:00,356.0
2023-02-20,15:45:00,4083.0
2023-02-20,16:00:00,4257.0
2023-02-20,16:15:00,763.0
2023-02-20,16:30:00,8367.0
2023-02-20,16:45:00,6498.0
2023-02-20,17:00:00,2709.0
2023-02-20,17:15:00,8292.0
2023-02-20,17:30:00,9132.0
2023-02-20,17:45:00,3688.0
2023-02-20,18:00:00,8510.0
2023-02-20,18:15:00,1998.0
2023-02-20,18:30:00,2163.0
2023-02-20,18:45:00,7239.0
2023-02-20,19:00:00,2298.0
2023-02-20,19:15:00,5372.0
2023-02-20,19:30:00,7096.0
2023-02-20,19:45:00,8602.0
2023-02-20,20:00:00,2036.0
2023-02-20,20:15:00,8218.0
2023-02-20,20:30:00,8695.0
2023-02-20,20:45:00,9973.0
2023-02-20,21:00:00,385.0
2023-02-20,21:15:00,2077.0
2023-02-20,21:30:00,6272.0
2023-02-20,21:45:00,9587.0
2023-02-20,22:00:00,3817.0
2023-02-20,22:15:00,9045.0
2023-02-20,22:30:00,9942.0
2023-02-20,22:45:00,7996.0
2023-02-20,23:00:00,3020.0
2023-02-20,23:15:00,8471.0
2023-02-20,23:30:00,7788.0
2023-02-20,23:45:00,5243.0
2023-02-21,00:00:00,7663.0
2023-02-21,00:15:00,930.0
2023-02-21,00:30:00,9007.0
2023-02-21,00:45:00,6376.0
2023-02-21,01:00:00,2844.0
2023-02-21,01:15:00,8758.0
2023-02-21,01:30:00,7841.0
2023-02-21,01:45:00,6448.0
2023-02-21,02:00:00,6711.0
2023-02-21,02:15:00,9895.0
2023-02-21,02:30:00,9919.0
2023-02-21,02:45:00,6305.0
2023-02-21,03:00:00,7148.0
2023-02-21,03:15:00,7280.0
2023-02-21,03:30:00,9162.0
2023-02-21,03:45:00,9534.0
2023-02-21,04:00:00,32.0
2023-02-21,04:15:00,5937.0
2023-02-21,04:30:00,1004.0
2023-02-21,04:45:00,2171.0
2023-02-21,05:00:00,5102.0
2023-02-21,05:15:00,9305.0
2023-02-21,05:30:00,4078.0
2023-02-21,05:45:00,2904.0
2023-02-21,06:00:00,4940.0
2023-02-21,06:15:00,609.0
2023-02-21,06:30:00,6104.0
2023-02-21,06:45:00,1506.0
2023-02-21,07:00:00,2682.0
2023-02-21,07:15:00,8414.0
2023-02-21,07:30:00,1198.0
2023-02-21,07:45:00,672.0
2023-02-21,08:00:00,4489.0
2023-02-21,08:15:00,5827.0
2023-02-21,08:30:00,6864.0
2023-02-21,08:45:00,4856.0
2023-02-21,09:00:00,6358.0
2023-02-21,09:15:00,3724.0
2023-02-21,09:30:00,5627.0
2023-02-21,09:45:00,8122.0
2023-02-21,10:00:00,670.0
2023-02-21,10:15:00,6235.0
2023-02-21,10:30:00,99.0
2023-02-21,10:45:00,1408.0
2023-02-21,11:00:00,7462.0
2023-02-21,11:15:00,6473.0
2023-02-21,11:30:00,4049.0
2023-02-21,11:45:00,9564.0
2023-02-21,12:00:00,3370.0
2023-02-21,12:15:00,2454.0
2023-02-21,12:30:00,2148.0
2023-02-21,12:45:00,3316.0
2023-02-21,13:00:00,4196.0
2023-02-21,13:15:00,8302.0
2023-02-21,13:30:00,3901.0
2023-02-21,13:45:00,8009.0
2023-02-21,14:00:00,4845.0
2023-02-21,14:15:00,3037.0
2023-02-21,14:30:00,6744.0
2023-02-21,14:45:00,7043.0
2023-02-21,15:00:00,4305.0
2023-02-21,15:15:00,5547.0
2023-02-21,15:30:00,23.0
2023-02-21,15:45:00,3518.0
2023-02-21,16:00:00,6846.0
2023-02-21,16:15:00,3325.0
2023-02-21,16:30:00,7267.0
2023-02-21,16:45:00,5763.0
2023-02-21,17:00:00,8474.0
2023-02-21,17:15:00,8838.0
2023-02-21,17:30:00,3504.0
2023-02-21,17:45:00,6024.0
2023-02-21,18:00:00,2264.0
2023-02-21,18:15:00,6001.0
2023-02-21,18:30:00,4509.0
2023-02-21,18:45:00,363.0
2023-02-21,19:00:00,7886.0
2023-02-21,19:15:00,3728.0
2023-02-21,19:30:00,9923.0
2023-02-21,19:45:00,9561.0
2023-02-21,20:00:00,7208.0
2023-02-21,20:15:00,1446.0
2023-02-21,20:30:00,3050.0
2023-02-21,20:45:00,1922.0
2023-02-21,21:00:00,9794.0
2023-02-21,21:15:00,5247.0
2023-02-21,21:30:00,8962.0
2023-02-21,21:45:00,9663.0
2023-02-21,22:00:00,5824.0
2023-02-21,22:15:00,6691.0
2023-02-21,22:30:00,5832.0
2023-02-21,22:45:00,612.0
2023-02-21,23:00:00,4807.0
2023-02-21,23:15:00,9687.0
2023-02-21,23:30:00,5945.0
2023-02-21,23:45:00,1912.0
2023-02-22,00:00:00,2662.0
2023-02-22,00:15:00,8542.0
2023-02-22,00:30:00,5392.0
2023-02-22,00:45:00,9442.0
2023-02-22,01:00:00,4611.0
2023-02-22,01:15:00,4106.0
2023-02-22,01:30:00,3714.0
2023-02-22,01:45:00,1833.0
2023-02-22,02:00:00,9545.0
2023-02-22,02:15:00,517.0
2023-02-22,02:30:00,8977.0
2023-02-22,02:45:00,3226.0
2023-02-22,03:00:00,5346.0
2023-02-22,03:15:00,2994.0
2023-02-22,03:30:00,2210.0
2023-02-22,03:45:00,7593.0
2023-02-22,04:00:00,1941.0
2023-02-22,04:15:00,2212.0
2023-02-22,04:30:00,764.0
2023-02-22,04:45:00,7761.0
2023-02-22,05:00:00,8856.0
2023-02-22,05:15:00,3223.0
2023-02-22,05:30:00,5366.0
2023-02-22,05:45:00,6359.0
2023-02-22,06:00:00,7477.0
2023-02-22,06:15:00,2298.0
2023-02-22,06:30:00,2878.0
2023-02-22,06:45:00,2869.0
2023-02-22,07:00:00,8400.0
2023-02-22,07:15:00,6384.0
2023-02-22,07:30:00,155.0
2023-02-22,07:45:00,920.0
2023-02-22,08:00:00,5684.0
2023-02-22,08:15:00,5076.0
2023-02-22,08:30:00,3528.0
2023-02-22,08:45:00,7072.0
2023-02-22,09:00:00,4455.0
2023-02-22,09:15:00,5700.0
2023-02-22,09:30:00,6586.0
2023-02-22,09:45:00,6536.0
2023-02-22,10:00:00,7499.0
2023-02-22,10:15:00,9778.0
2023-02-22,10:30:00,7630.0
2023-02-22,10:45:00,2673.0
2023-02-22,11:00:00,8827.0
2023-02-22,11:15:00,4435.0
2023-02-22,11:30:00,1780.0
2023-02-22,11:45:00,1629.0
2023-02-22,12:00:00,7420.0
2023-02-22,12:15:00,2108.0
2023-02-22,12:30:00,7367.0
2023-02-22,12:45:00,4724.0
2023-02-22,13:00:00,5243.0
2023-02-22,13:15:00,719.0
2023-02-22,13:30:00,1322.0
2023-02-22,13:45:00,3725.0
2023-02-22,14:00:00,493.0
2023-02-22,14:15:00,5948.0
2023-02-22,14:30:00,3407.0
2023-02-22,14:45:00,9337.0
2023-02-22,15:00:00,4949.0
2023-02-22,15:15:00,1263.0
2023-02-22,15:30:00,7695.0
2023-02-22,15:45:00,9864.0
2023-02-22,16:00:00,6176.0
2023-02-22,16:15:00,99.0
2023-02-22,16:30:00,4169.0
2023-02-22,16:45:00,8612.0
2023-02-22,17:00:00,5102.0
2023-02-22,17:15:00,8757.0
2023-02-22,17:30:00,9594.0
2023-02-22,17:45:00,3682.0
2023-02-22,18:00:00,9077.0
2023-02-22,18:15:00,1504.0
2023-02-22,18:30:00,1437.0
2023-02-22,18:45:00,9607.0
2023-02-22,19:00:00,4009.0
2023-02-22,19:15:00,5579.0
2023-02-22,19:30:00,662.0
2023-02-22,19:45:00,7273.0
2023-02-22,20:00:00,3244.0
2023-02-22,20:15:00,5681.0
2023-02-22,20:30:00,7733.0
2023-02-22,20:45:00,9972.0
2023-02-22,21:00:00,6140.0
2023-02-22,21:15:00,1711.0
2023-02-22,21:30:00,8415.0
2023-02-22,21:45:00,7195.0
2023-02-22,22:00:00,1914.0
2023-02-22,22:15:00,3050.0
2023-02-22,22:30:00,2140.0
2023-02-22,22:45:00,9160.0
2023-02-22,23:00:00,5685.0
2023-02-22,23:15:00,2958.0
2023-02-22,23:30:00,7995.0
2023-02-22,23:45:00,1516.0
2023-02-23,00:00:00,571.0
2023-02-23,00:15:00,8826.0
2023-02-23,00:30:00,311.0
2023-02-23,00:45:00,4074.0
2023-02-23,01:00:00,430.0
2023-02-23,01:15:00,1366.0
2023-02-23,01:30:00,5072.0
2023-02-23,01:45:00,3078.0
2023-02-23,02:00:00,5565.0
2023-02-23,02:15:00,1643.0
2023-02-23,02:30:00,7477.0
2023-02-23,02:45:00,8410.0
2023-02-23,03:00:00,6404.0
2023-02-23,03:15:00,9652.0
2023-02-23,03:30:00,3936.0
2023-02-23,03:45:00,7068.0
2023-02-23,04:00:00,982.0
2023-02-23,04:15:00,2179.0
2023-02-23,04:30:00,8572.0
2023-02-23,04:45:00,2463.0
2023-02-23,05:00:00,476.0
2023-02-23,05:15:00,8831.0
2023-02-23,05:30:00,8345.0
2023-02-23,05:45:00,1816.0
2023-02-23,06:00:00,1628.0
2023-02-23,06:15:00,6297.0
2023-02-23,06:30:00,1870.0
2023-02-23,06:45:00,1822.0
2023-02-23,07:00:00,7682.0
2023-02-23,07:15:00,4822.0
2023-02-23,07:30:00,2345.0
2023-02-23,07:45:00,131.0
2023-02-23,08:00:00,8454.0
2023-02-23,08:15:00,9944.0
2023-02-23,08:30:00,4116.0
2023-02-23,08:45:00,2736.0
2023-02-23,09:00:00,385.0
2023-02-23,09:15:00,4412.0
2023-02-23,09:30:00,1446.0
2023-02-23,09:45:00,3411.0
2023-02-23,10:00:00,5110.0
2023-02-23,10:15:00,9559.0
2023-02-23,10:30:00,7343.0
2023-02-23,10:45:00,7575.0
2023-02-23,11:00:00,4996.0
2023-02-23,11:15:00,297.0
2023-02-23,11:30:00,5770.0
2023-02-23,11:45:00,7800.0
2023-02-23,12:00:00,2907.0
2023-02-23,12:15:00,2194.0
2023-02-23,12:30:00,5045.0
2023-02-23,12:45:00,4882.0
2023-02-23,13:00:00,2147.0
2023-02-23,13:15:00,1825.0
2023-02-23,13:30:00,7044.0
2023-02-23,13:45:00,7403.0
2023-02-23,14:00:00,6544.0
2023-02-23,14:15:00,4991.0
2023-02-23,14:30:00,4394.0
2023-02-23,14:45:00,8764.0
2023-02-23,15:00:00,7783.0
2023-02-23,15:15:00,7748.0
2023-02-23,15:30:00,8135.0
2023-02-23,15:45:00,3917.0
2023-02-23,16:00:00,6617.0
2023-02-23,16:15:00,4759.0
2023-02-23,16:30:00,9892.0
2023-02-23,16:45:00,7071.0
2023-02-23,17:00:00,370.0
2023-02-23,17:15:00,5827.0
2023-02-23,17:30:00,4486.0
2023-02-23,17:45:00,2299.0
2023-02-23,18:00:00,6867.0
2023-02-23,18:15:00,8786.0
2023-02-23,18:30:00,213.0
2023-02-23,18:45:00,2465.0
2023-02-23,19:00:00,5096.0
2023-02-23,19:15:00,1001.0
2023-02-23,19:30:00,4679.0
2023-02-23,19:45:00,5943.0
2023-02-23,20:00:00,9737.0
2023-02-23,20:15:00,2992.0
2023-02-23,20:30:00,8325.0
2023-02-23,20:45:00,4256.0
2023-02-23,21:00:00,4971.0
2023-02-23,21:15:00,1481.0
2023-02-23,21:30:00,6394.0
2023-02-23,21:45:00,5718.0
2023-02-23,22:00:00,5904.0
2023-02-23,22:15:00,8559.0
2023-02-23,22:30:00,646.0
2023-02-23,22:45:00,7124.0
2023-02-23,23:00:00,7572.0
2023-02-23,23:15:00,6660.0
2023-02-23,23:30:00,1660.0
2023-02-23,23:45:00,4509.0
2023-02-24,00:00:00,2974.0
2023-02-24,00:15:00,9809.0
2023-02-24,00:30:00,6628.0
2023-02-24,00:45:00,7257.0
2023-02-24,01:00:00,5652.0
2023-02-24,01:15:00,6439.0
2023-02-24,01:30:00,1074.0
2023-02-24,01:45:00,9144.0
2023-02-24,02:00:00,1047.0
2023-02-24,02:15:00,6036.0
2023-02-24,02:30:00,3510.0
2023-02-24,02:45:00,74.0
2023-02-24,03:00:00,6245.0
2023-02-24,03:15:00,6440.0
2023-02-24,03:30:00,1627.0
2023-02-24,03:45:00,5755.0
2023-02-24,04:00:00,2586.0
2023-02-24,04:15:00,1355.0
2023-02-24,04:30:00,2791.0
2023-02-24,04:45:00,7452.0
2023-02-24,05:00:00,7058.0
2023-02-24,05:15:00,4163.0
2023-02-24,05:30:00,720.0
2023-02-24,05:45:00,2643.0
2023-02-24,06:00:00,7874.0
2023-02-24,06:15:00,4084.0
2023-02-24,06:30:00,2825.0
2023-02-24,06:45:00,4911.0
2023-02-24,07:00:00,6983.0
2023-02-24,07:15:00,8132.0
2023-02-24,07:30:00,9634.0
2023-02-24,07:45:00,5854.0
2023-02-24,08:00:00,1165.0
2023-02-24,08:15:00,7317.0
2023-02-24,08:30:00,3802.0
2023-02-24,08:45:00,4559.0
2023-02-24,09:00:00,6786.0
2023-02-24,09:15:00,3544.0
2023-02-24,09:30:00,2026.0
2023-02-24,09:45:00,2654.0
2023-02-24,10:00:00,9083.0
2023-02-24,10:15:00,7848.0
2023-02-24,10:30:00,2190.0
2023-02-24,10:45:00,4905.0
2023-02-24,11:00:00,3963.0
2023-02-24,11:15:00,1210.0
2023-02-24,11:30:00,1998.0
2023-02-24,11:45:00,904.0
2023-02-24,12:00:00,7075.0
2023-02-24,12:15:00,8688.0
2023-02-24,12:30:00,2534.0
2023-02-24,12:45:00,6362.0
2023-02-24,13:00:00,6056.0
2023-02-24,13:15:00,3272.0
2023-02-24,13:30:00,3628.0
2023-02-24,13:45:00,5306.0
2023-02-24,14:00:00,2597.0
2023-02-24,14:15:00,9419.0
2023-02-24,14:30:00,9784.0
2023-02-24,14:45:00,4816.0
2023-02-24,15:00:00,2614.0
2023-02-24,15:15:00,3528.0
2023-02-24,15:30:00,7294.0
2023-02-24,15:45:00,3473.0
2023-02-24,16:00:00,508.0
2023-02-24,16:15:00,3892.0
2023-02-24,16:30:00,5026.0
2023-02-24,16:45:00,3224.0
2023-02-24,17:00:00,4544.0
2023-02-24,17:15:00,6773.0
2023-02-24,17:30:00,926.0
2023-02-24,17:45:00,1925.0
2023-02-24,18:00:00,3847.0
2023-02-24,18:15:00,1732.0
2023-02-24,18:30:00,8048.0
2023-02-24,18:45:00,8416.0
2023-02-24,19:00:00,8018.0
2023-02-24,19:15:00,6536.0
2023-02-24,19:30:00,2619.0
2023-02-24,19:45:00,3474.0
2023-02-24,20:00:00,5482.0
2023-02-24,20:15:00,2192.0
2023-02-24,20:30:00,6179.0
2023-02-24,20:45:00,5945.0
2023-02-24,21:00:00,4456.0
2023-02-24,21:15:00,8616.0
2023-02-24,21:30:00,2171.0
2023-02-24,21:45:00,1780.0
2023-02-24,22:00:00,1780.0
2023-02-24,22:15:00,8787.0
2023-02-24,22:30:00,3693.0
2023-02-24,22:45:00,8969.0
2023-02-24,23:00:00,9951.0
2023-02-24,23:15:00,3020.0
2023-02-24,23:30:00,6473.0
2023-02-24,23:45:00,9377.0
2023-02-25,00:00:00,3734.0
2023-02-25,00:15:00,3572.0
2023-02-25,00:30:00,7640.0
2023-02-25,00:45:00,6443.0
2023-02-25,01:00:00,5994.0
2023-02-25,01:15:00,1351.0
2023-02-25,01:30:00,3108.0
2023-02-25,01:45:00,5667.0
2023-02-25,02:00:00,1515.0
2023-02-25,02:15:00,9754.0
2023-02-25,02:30:00,6247.0
2023-02-25,02:45:00,6893.0
2023-02-25,03:00:00,8454.0
2023-02-25,03:15:00,6013.0
2023-02-25,03:30:00,5558.0
2023-02-25,03:45:00,9686.0
2023-02-25,04:00:00,9965.0
2023-02-25,04:15:00,8478.0
2023-02-25,04:30:00,6185.0
2023-02-25,04:45:00,400.0
2023-02-25,05:00:00,9141.0
2023-02-25,05:15:00,1591.0
2023-02-25,05:30:00,1312.0
2023-02-25,05:45:00,2245.0
2023-02-25,06:00:00,518.0
2023-02-25,06:15:00,8282.0
2023-02-25,06:30:00,1688.0
2023-02-25,06:45:00,8984.0
2023-02-25,07:00:00,6458.0
2023-02-25,07:15:00,4073.0
2023-02-25,07:30:00,215.0
2023-02-25,07:45:00,5379.0
2023-02-25,08:00:00,9974.0
2023-02-25,08:15:00,5832.0
2023-02-25,08:30:00,6974.0
2023-02-25,08:45:00,9480.0
2023-02-25,09:00:00,5174.0
2023-02-25,09:15:00,8612.0
2023-02-25,09:30:00,3847.0
2023-02-25,09:45:00,1465.0
2023-02-25,10:00:00,1948.0
2023-02-25,10:15:00,8309.0
2023-02-25,10:30:00,14.0
2023-02-25,10:45:00,4369.0
2023-02-25,11:00:00,3166.0
2023-02-25,11:15:00,217.0
2023-02-25,11:30:00,127.0
2023-02-25,11:45:00,7683.0
2023-02-25,12:00:00,1624.0
2023-02-25,12:15:00,6947.0
2023-02-25,12:30:00,2372.0
2023-02-25,12:45:00,7101.0
2023-02-25,13:00:00,3265.0
2023-02-25,13:15:00,2432.0
2023-02-25,13:30:00,1495.0
2023-02-25,13:45:00,9158.0
2023-02-25,14:00:00,4932.0
2023-02-25,14:15:00,5580.0
2023-02-25,14:30:00,9164.0
2023-02-25,14:45:00,8278.0
2023-02-25,15:00:00,5415.0
2023-02-25,15:15:00,4721.0
2023-02-25,15:30:00,5885.0
2023-02-25,15:45:00,6877.0
2023-02-25,16:00:00,2606.0
2023-02-25,16:15:00,6827.0
2023-02-25,16:30:00,8298.0
2023-02-25,16:45:00,8937.0
2023-02-25,17:00:00,5534.0
2023-02-25,17:15:00,4661.0
2023-02-25,17:30:00,9181.0
2023-02-25,17:45:00,8366.0
2023-02-25,18:00:00,765.0
2023-02-25,18:15:00,7223.0
2023-02-25,18:30:00,5903.0
2023-02-25,18:45:00,130.0
2023-02-25,19:00:00,1358.0
2023-02-25,19:15:00,3476.0
2023-02-25,19:30:00,8324.0
2023-02-25,19:45:00,7295.0
2023-02-25,20:00:00,905.0
2023-02-25,20:15:00,3980.0
2023-02-25,20:30:00,5702.0
2023-02-25,20:45:00,189.0
2023-02-25,21:00:00,6909.0
2023-02-25,21:15:00,5389.0
2023-02-25,21:30:00,5525.0
2023-02-25,21:45:00,7584.0
2023-02-25,22:00:00,6685.0
2023-02-25,22:15:00,5125.0
2023-02-25,22:30:00,9529.0
2023-02-25,22:45:00,2910.0
2023-02-25,23:00:00,4328.0
2023-02-25,23:15:00,7347.0
2023-02-25,23:30:00,1873.0
2023-02-25,23:45:00,3295.0
2023-02-26,00:00:00,5109.0
2023-02-26,00:15:00,5112.0
2023-02-26,00:30:00,4734.0
2023-02-26,00:45:00,1157.0
2023-02-26,01:00:00,3491.0
2023-02-26,01:15:00,7809.0
2023-02-26,01:30:00,8880.0
2023-02-26,01:45:00,2900.0
2023-02-26,02:00:00,3308.0
2023-02-26,02:15:00,4509.0
2023-02-26,02:30:00,6274.0
2023-02-26,02:45:00,8619.0
2023-02-26,03:00:00,6690.0
2023-02-26,03:15:00,9079.0
2023-02-26,03:30:00,8680.0
2023-02-26,03:45:00,8496.0
2023-02-26,04:00:00,1298.0
2023-02-26,04:15:00,5586.0
2023-02-26,04:30:00,5014.0
2023-02-26,04:45:00,6743.0
2023-02-26,05:00:00,996.0
2023-02-26,05:15:00,4368.0
2023-02-26,05:30:00,1937.0
2023-02-26,05:45:00,6101.0
2023-02-26,06:00:00,9123.0
2023-02-26,06:15:00,3858.0
2023-02-26,06:30:00,3989.0
2023-02-26,06:45:00,5590.0
2023-02-26,07:00:00,6762.0
2023-02-26,07:15:00,9129.0
2023-02-26,07:30:00,999.0
2023-02-26,07:45:00,6173.0
2023-02-26,08:00:00,9982.0
2023-02-26,08:15:00,8509.0
2023-02-26,08:30:00,7833.0
2023-02-26,08:45:00,1686.0
2023-02-26,09:00:00,169.0
2023-02-26,09:15:00,4313.0
2023-02-26,09:30:00,9604.0
2023-02-26,09:45:00,7586.0
2023-02-26,10:00:00,2438.0
2023-02-26,10:15:00,3884.0
2023-02-26,10:30:00,8925.0
2023-02-26,10:45:00,390.0
2023-02-26,11:00:00,8168.0
2023-02-26,11:15:00,9030.0
2023-02-26,11:30:00,979.0
2023-02-26,11:45:00,1640.0
2023-02-26,12:00:00,9864.0
2023-02-26,12:15:00,214.0
2023-02-26,12:30:00,1518.0
2023-02-26,12:45:00,9611.0
2023-02-26,13:00:00,6615.0
2023-02-26,13:15:00,2865.0
2023-02-26,13:30:00,4616.0
2023-02-26,13:45:00,5524.0
2023-02-26,14:00:00,7942.0
2023-02-26,14:15:00,6340.0
2023-02-26,14:30:00,370.0
2023-02-26,14:45:00,2153.0
2023-02-26,15:00:00,9722.0
2023-02-26,15:15:00,7257.0
2023-02-26,15:30:00,3685.0
2023-02-26,15:45:00,3149.0
2023-02-26,16:00:00,1354.0
2023-02-26,16:15:00,2597.0
2023-02-26,16:30:00,1689.0
2023-02-26,16:45:00,9150.0
2023-02-26,17:00:00,7490.0
2023-02-26,17:15:00,3192.0
2023-02-26,17:30:00,9899.0
2023-02-26,17:45:00,7058.0
2023-02-26,18:00:00,6265.0
2023-02-26,18:15:00,8986.0
2023-02-26,18:30:00,8514.0
2023-02-26,18:45:00,7182.0
2023-02-26,19:00:00,6812.0
2023-02-26,19:15:00,4717.0
2023-02-26,19:30:00,3220.0
2023-02-26,19:45:00,8789.0
2023-02-26,20:00:00,3040.0
2023-02-26,20:15:00,7321.0
2023-02-26,20:30:00,9186.0
2023-02-26,20:45:00,7514.0
2023-02-26,21:00:00,7885.0
2023-02-26,21:15:00,8752.0
2023-02-26,21:30:00,5318.0
2023-02-26,21:45:00,8040.0
2023-02-26,22:00:00,8358.0
2023-02-26,22:15:00,4865.0
2023-02-26,22:30:00,4108.0
2023-02-26,22:45:00,7648.0
2023-02-26,23:00:00,4063.0
2023-02-26,23:15:00,8361.0
2023-02-26,23:30:00,3975.0
2023-02-26,23:45:00,9501.0
2023-02-27,00:00:00,9960.0
2023-02-27,00:15:00,9267.0
2023-02-27,00:30:00,7541.0
2023-02-27,00:45:00,4948.0
2023-02-27,01:00:00,3156.0
2023-02-27,01:15:00,498.0
2023-02-27,01:30:00,5199.0
2023-02-27,01:45:00,9591.0
2023-02-27,02:00:00,123.0
2023-02-27,02:15:00,5172.0
2023-02-27,02:30:00,8108.0
2023-02-27,02:45:00,2607.0
2023-02-27,03:00:00,6698.0
2023-02-27,03:15:00,5871.0
2023-02-27,03:30:00,1669.0
2023-02-27,03:45:00,4771.0
2023-02-27,04:00:00,373.0
2023-02-27,04:15:00,5295.0
2023-02-27,04:30:00,287.0
2023-02-27,04:45:00,5806.0
2023-02-27,05:00:00,2729.0
2023-02-27,05:15:00,2774.0
2023-02-27,05:30:00,3553.0
2023-02-27,05:45:00,6898.0
2023-02-27,06:00:00,5144.0
2023-02-27,06:15:00,8772.0
2023-02-27,06:30:00,6199.0
2023-02-27,06:45:00,1637.0
2023-02-27,07:00:00,4328.0
2023-02-27,07:15:00,6159.0
2023-02-27,07:30:00,4206.0
2023-02-27,07:45:00,7833.0
2023-02-27,08:00:00,9605.0
2023-02-27,08:15:00,2801.0
2023-02-27,08:30:00,411.0
2023-02-27,08:45:00,5494.0
2023-02-27,09:00:00,7518.0
2023-02-27,09:15:00,6709.0
2023-02-27,09:30:00,9079.0
2023-02-27,09:45:00,7581.0
2023-02-27,10:00:00,5189.0
2023-02-27,10:15:00,6192.0
2023-02-27,10:30:00,9428.0
2023-02-27,10:45:00,6809.0
2023-02-27,11:00:00,7808.0
2023-02-27,11:15:00,4757.0
2023-02-27,11:30:00,5634.0
2023-02-27,11:45:00,6593.0
2023-02-27,12:00:00,821.0
2023-02-27,12:15:00,6951.0
2023-02-27,12:30:00,949.0
2023-02-27,12:45:00,3646.0
2023-02-27,13:00:00,6342.0
2023-02-27,13:15:00,998.0
2023-02-27,13:30:00,4400.0
2023-02-27,13:45:00,8233.0
2023-02-27,14:00:00,6927.0
2023-02-27,14:15:00,7997.0
2023-02-27,14:30:00,5716.0
2023-02-27,14:45:00,4785.0
2023-02-27,15:00:00,8158.0
2023-02-27,15:15:00,9330.0
2023-02-27,15:30:00,5231.0
2023-02-27,15:45:00,8202.0
2023-02-27,16:00:00,3494.0
2023-02-27,16:15:00,8466.0
2023-02-27,16:30:00,8824.0
2023-02-27,16:45:00,2884.0
2023-02-27,17:00:00,6967.0
2023-02-27,17:15:00,3014.0
2023-02-27,17:30:00,6950.0
2023-02-27,17:45:00,8602.0
2023-02-27,18:00:00,7647.0
2023-02-27,18:15:00,6685.0
2023-02-27,18:30:00,6393.0
2023-02-27,18:45:00,8477.0
2023-02-27,19:00:00,8664.0
2023-02-27,19:15:00,4931.0
2023-02-27,19:30:00,3080.0
2023-02-27,19:45:00,7286.0
2023-02-27,20:00:00,582.0
2023-02-27,20:15:00,455.0
2023-02-27,20:30:00,1180.0
2023-02-27,20:45:00,5166.0
2023-02-27,21:00:00,8372.0
2023-02-27,21:15:00,426.0
2023-02-27,21:30:00,6080.0
2023-02-27,21:45:00,504.0
2023-02-27,22:00:00,7156.0
2023-02-27,22:15:00,5997.0
2023-02-27,22:30:00,3951.0
2023-02-27,22:45:00,4676.0
2023-02-27,23:00:00,534.0
2023-02-27,23:15:00,3780.0
2023-02-27,23:30:00,2316.0
2023-02-27,23:45:00,5631.0
2023-02-28,00:00:00,861.0
2023-02-28,00:15:00,3529.0
2023-02-28,00:30:00,9303.0
2023-02-28,00:45:00,5684.0
2023-02-28,01:00:00,1088.0
2023-02-28,01:15:00,7220.0
2023-02-28,01:30:00,5728.0
2023-02-28,01:45:00,4516.0
2023-02-28,02:00:00,3100.0
2023-02-28,02:15:00,2313.0
2023-02-28,02:30:00,2454.0
2023-02-28,02:45:00,6172.0
2023-02-28,03:00:00,578.0
2023-02-28,03:15:00,2382.0
2023-02-28,03:30:00,1826.0
2023-02-28,03:45:00,8086.0
2023-02-28,04:00:00,2767.0
2023-02-28,04:15:00,2493.0
2023-02-28,04:30:00,3722.0
2023-02-28,04:45:00,3787.0
2023-02-28,05:00:00,7968.0
2023-02-28,05:15:00,4188.0
2023-02-28,05:30:00,3985.0
2023-02-28,05:45:00,3123.0
2023-02-28,06:00:00,97.0
2023-02-28,06:15:00,6506.0
2023-02-28,06:30:00,6670.0
2023-02-28,06:45:00,8635.0
2023-02-28,07:00:00,5562.0
2023-02-28,07:15:00,5662.0
2023-02-28,07:30:00,2374.0
2023-02-28,07:45:00,5926.0
2023-02-28,08:00:00,5282.0
2023-02-28,08:15:00,1253.0
2023-02-28,08:30:00,4854.0
2023-02-28,08:45:00,6274.0
2023-02-28,09:00:00,6115.0
2023-02-28,09:15:00,905.0
2023-02-28,09:30:00,4728.0
2023-02-28,09:45:00,7830.0
2023-02-28,10:00:00,9035.0
2023-02-28,10:15:00,8216.0
2023-02-28,10:30:00,8955.0
2023-02-28,10:45:00,4670.0
2023-02-28,11:00:00,3518.0
2023-02-28,11:15:00,2822.0
2023-02-28,11:30:00,3693.0
2023-02-28,11:45:00,8495.0
2023-02-28,12:00:00,4877.0
2023-02-28,12:15:00,3455.0
2023-02-28,12:30:00,4721.0
2023-02-28,12:45:00,9317.0
2023-02-28,13:00:00,2775.0
2023-02-28,13:15:00,8014.0
2023-02-28,13:30:00,2483.0
2023-02-28,13:45:00,6054.0
2023-02-28,14:00:00,4169.0
2023-02-28,14:15:00,3757.0
2023-02-28,14:30:00,3263.0
2023-02-28,14:45:00,71.0
2023-02-28,15:00:00,7963.0
2023-02-28,15:15:00,9213.0
2023-02-28,15:30:00,7286.0
2023-02-28,15:45:00,7688.0
2023-02-28,16:00:00,3920.0
2023-02-28,16:15:00,4722.0
2023-02-28,16:30:00,4812.0
2023-02-28,16:45:00,3015.0
2023-02-28,17:00:00,9924.0
2023-02-28,17:15:00,8495.0
2023-02-28,17:30:00,3025.0
2023-02-28,17:45:00,6216.0
2023-02-28,18:00:00,8317.0
2023-02-28,18:15:00,5388.0
2023-02-28,18:30:00,4638.0
2023-02-28,18:45:00,4679.0
2023-02-28,19:00:00,9940.0
2023-02-28,19:15:00,2207.0
2023-02-28,19:30:00,2696.0
2023-02-28,19:45:00,3533.0
2023-02-28,20:00:00,6585.0
2023-02-28,20:15:00,6831.0
2023-02-28,20:30:00,8314.0
2023-02-28,20:45:00,3253.0
2023-02-28,21:00:00,7823.0
2023-02-28,21:15:00,3128.0
2023-02-28,21:30:00,6236.0
2023-02-28,21:45:00,6410.0
2023-02-28,22:00:00,5543.0
2023-02-28,22:15:00,1212.0
2023-02-28,22:30:00,5545.0
2023-02-28,22:45:00,1669.0
2023-02-28,23:00:00,9026.0
2023-02-28,23:15:00,1967.0
2023-02-28,23:30:00,5748.0
2023-02-28,23:45:00,4964.0
2023-03-01,00:00:00,6662.0
2023-03-01,00:15:00,9341.0
2023-03-01,00:30:00,9067.0
2023-03-01,00:45:00,5626.0
2023-03-01,01:00:00,803.0
2023-03-01,01:15:00,5825.0
2023-03-01,01:30:00,2817.0
2023-03-01,01:45:00,1459.0
2023-03-01,02:00:00,498.0
2023-03-01,02:15:00,5836.0
2023-03-01,02:30:00,5086.0
2023-03-01,02:45:00,9351.0
2023-03-01,03:00:00,7789.0
2023-03-01,03:15:00,4495.0
2023-03-01,03:30:00,9624.0
2023-03-01,03:45:00,9223.0
2023-03-01,04:00:00,6732.0
2023-03-01,04:15:00,4109.0
2023-03-01,04:30:00,5411.0
2023-03-01,04:45:00,6035.0
2023-03-01,05:00:00,5437.0
2023-03-01,05:15:00,728.0
2023-03-01,05:30:00,1052.0
2023-03-01,05:45:00,2369.0
2023-03-01,06:00:00,8008.0
2023-03-01,06:15:00,8726.0
2023-03-01,06:30:00,3558.0
2023-03-01,06:45:00,1336.0
2023-03-01,07:00:00,7813.0
2023-03-01,07:15:00,9066.0
2023-03-01,07:30:00,7960.0
2023-03-01,07:45:00,9833.0
2023-03-01,08:00:00,3561.0
2023-03-01,08:15:00,2527.0
2023-03-01,08:30:00,831.0
2023-03-01,08:45:00,6738.0
2023-03-01,09:00:00,3379.0
2023-03-01,09:15:00,1610.0
2023-03-01,09:30:00,5282.0
2023-03-01,09:45:00,6387.0
2023-03-01,10:00:00,7384.0
2023-03-01,10:15:00,9663.0
2023-03-01,10:30:00,7906.0
2023-03-01,10:45:00,2397.0
2023-03-01,11:00:00,2892.0
2023-03-01,11:15:00,6194.0
2023-03-01,11:30:00,642.0
2023-03-01,11:45:00,3027.0
2023-03-01,12:00:00,6346.0
2023-03-01,12:15:00,2700.0
2023-03-01,12:30:00,9589.0
2023-03-01,12:45:00,68.0
2023-03-01,13:00:00,5918.0
2023-03-01,13:15:00,1254.0
2023-03-01,13:30:00,2066.0
2023-03-01,13:45:00,9877.0
2023-03-01,14:00:00,1722.0
2023-03-01,14:15:00,9407.0
2023-03-01,14:30:00,1854.0
2023-03-01,14:45:00,4834.0
2023-03-01,15:00:00,687.0
2023-03-01,15:15:00,8793.0
2023-03-01,15:30:00,6997.0
2023-03-01,15:45:00,7015.0
2023-03-01,16:00:00,6882.0
2023-03-01,16:15:00,2557.0
2023-03-01,16:30:00,5848.0
2023-03-01,16:45:00,517.0
2023-03-01,17:00:00,3056.0
2023-03-01,17:15:00,8407.0
2023-03-01,17:30:00,4109.0
2023-03-01,17:45:00,4032.0
2023-03-01,18:00:00,2244.0
2023-03-01,18:15:00,9244.0
2023-03-01,18:30:00,9706.0
2023-03-01,18:45:00,6084.0
2023-03-01,19:00:00,909.0
2023-03-01,19:15:00,3327.0
2023-03-01,19:30:00,5491.0
2023-03-01,19:45:00,7732.0
2023-03-01,20:00:00,3640.0
2023-03-01,20:15:00,4055.0
2023-03-01,20:30:00,652.0
2023-03-01,20:45:00,4375.0
2023-03-01,21:00:00,6146.0
2023-03-01,21:15:00,8819.0
2023-03-01,21:30:00,9446.0
2023-03-01,21:45:00,7690.0
2023-03-01,22:00:00,7772.0
2023-03-01,22:15:00,3905.0
2023-03-01,22:30:00,1944.0
2023-03-01,22:45:00,5606.0
2023-03-01,23:00:00,1870.0
2023-03-01,23:15:00,2801.0
2023-03-01,23:30:00,6074.0
2023-03-01,23:45:00,4280.0
2023-03-02,00:00:00,3472.0
2023-03-02,00:15:00,8354.0
2023-03-02,00:30:00,2190.0
2023-03-02,00:45:00,8985.0
2023-03-02,01:00:00,8188.0
2023-03-02,01:15:00,9057.0
2023-03-02,01:30:00,8209.0
2023-03-02,01:45:00,4950.0
2023-03-02,02:00:00,9425.0
2023-03-02,02:15:00,8207.0
2023-03-02,02:30:00,498.0
2023-03-02,02:45:00,6363.0
2023-03-02,03:00:00,3738.0
2023-03-02,03:15:00,8551.0
2023-03-02,03:30:00,3531.0
2023-03-02,03:45:00,6149.0
2023-03-02,04:00:00,4070.0
2023-03-02,04:15:00,703.0
2023-03-02,04:30:00,5185.0
2023-03-02,04:45:00,9079.0
2023-03-02,05:00:00,2443.0
2023-03-02,05:15:00,6451.0
2023-03-02,05:30:00,8896.0
2023-03-02,05:45:00,4949.0
2023-03-02,06:00:00,2424.0
2023-03-02,06:15:00,6353.0
2023-03-02,06:30:00,471.0
2023-03-02,06:45:00,8502.0
2023-03-02,07:00:00,6533.0
2023-03-02,07:15:00,5057.0
2023-03-02,07:30:00,4932.0
2023-03-02,07:45:00,9029.0
2023-03-02,08:00:00,5131.0
2023-03-02,08:15:00,5918.0
2023-03-02,08:30:00,865.0
2023-03-02,08:45:00,4426.0
2023-03-02,09:00:00,9285.0
2023-03-02,09:15:00,4064.0
2023-03-02,09:30:00,9002.0
2023-03-02,09:45:00,2180.0
2023-03-02,10:00:00,8695.0
2023-03-02,10:15:00,1712.0
2023-03-02,10:30:00,4767.0
2023-03-02,10:45:00,2722.0
2023-03-02,11:00:00,5367.0
2023-03-02,11:15:00,5898.0
2023-03-02,11:30:00,4221.0
2023-03-02,11:45:00,7550.0
2023-03-02,12:00:00,383.0
2023-03-02,12:15:00,731.0
2023-03-02,12:30:00,7835.0
2023-03-02,12:45:00,9615.0
2023-03-02,13:00:00,2346.0
2023-03-02,13:15:00,8162.0
2023-03-02,13:30:00,3039.0
2023-03-02,13:45:00,4255.0
2023-03-02,14:00:00,2448.0
2023-03-02,14:15:00,7766.0
2023-03-02,14:30:00,1476.0
2023-03-02,14:45:00,8094.0
2023-03-02,15:00:00,3657.0
2023-03-02,15:15:00,8663.0
2023-03-02,15:30:00,6242.0
2023-03-02,15:45:00,2143.0
2023-03-02,16:00:00,5540.0
2023-03-02,16:15:00,5551.0
2023-03-02,16:30:00,7429.0
2023-03-02,16:45:00,8171.0
2023-03-02,17:00:00,6798.0
2023-03-02,17:15:00,7256.0
2023-03-02,17:30:00,3690.0
2023-03-02,17:45:00,8487.0
2023-03-02,18:00:00,8860.0
2023-03-02,18:15:00,4812.0
2023-03-02,18:30:00,5047.0
2023-03-02,18:45:00,7477.0
2023-03-02,19:00:00,6666.0
2023-03-02,19:15:00,4784.0
2023-03-02,19:30:00,3242.0
2023-03-02,19:45:00,5409.0
2023-03-02,20:00:00,964.0
2023-03-02,20:15:00,8467.0
2023-03-02,20:30:00,5695.0
2023-03-02,20:45:00,9625.0
2023-03-02,21:00:00,180.0
2023-03-02,21:15:00,1091.0
2023-03-02,21:30:00,3066.0
2023-03-02,21:45:00,75.0
2023-03-02,22:00:00,9150.0
2023-03-02,22:15:00,2107.0
2023-03-02,22:30:00,6255.0
2023-03-02,22:45:00,818.0
2023-03-02,23:00:00,6186.0
2023-03-02,23:15:00,2585.0
2023-03-02,23:30:00,5785.0
2023-03-02,23:45:00,3092.0
2023-03-03,00:00:00,284.0
2023-03-03,00:15:00,9576.0
2023-03-03,00:30:00,4836.0
2023-03-03,00:45:00,9295.0
2023-03-03,01:00:00,2770.0
2023-03-03,01:15:00,5051.0
2023-03-03,01:30:00,9486.0
2023-03-03,01:45:00,335.0
2023-03-03,02:00:00,3475.0
2023-03-03,02:15:00,8620.0
2023-03-03,02:30:00,786.0
2023-03-03,02:45:00,113.0
2023-03-03,03:00:00,7451.0
2023-03-03,03:15:00,5567.0
2023-03-03,03:30:00,4248.0
2023-03-03,03:45:00,3541.0
2023-03-03,04:00:00,3459.0
2023-03-03,04:15:00,5107.0
2023-03-03,04:30:00,3400.0
2023-03-03,04:45:00,3340.0
2023-03-03,05:00:00,9999.0
2023-03-03,05:15:00,6766.0
2023-03-03,05:30:00,9658.0
2023-03-03,05:45:00,7339.0
2023-03-03,06:00:00,8050.0
2023-03-03,06:15:00,3074.0
2023-03-03,06:30:00,5741.0
2023-03-03,06:45:00,7319.0
2023-03-03,07:00:00,225.0
2023-03-03,07:15:00,847.0
2023-03-03,07:30:00,8432.0
2023-03-03,07:45:00,3256.0
2023-03-03,08:00:00,9840.0
2023-03-03,08:15:00,1563.0
2023-03-03,08:30:00,8595.0
2023-03-03,08:45:00,5563.0
2023-03-03,09:00:00,9581.0
2023-03-03,09:15:00,5810.0
2023-03-03,09:30:00,9251.0
2023-03-03,09:45:00,1808.0
2023-03-03,10:00:00,8409.0
2023-03-03,10:15:00,5381.0
2023-03-03,10:30:00,4154.0
2023-03-03,10:45:00,9763.0
2023-03-03,11:00:00,5175.0
2023-03-03,11:15:00,9814.0
2023-03-03,11:30:00,5584.0
2023-03-03,11:45:00,1068.0
2023-03-03,12:00:00,4584.0
2023-03-03,12:15:00,4971.0
2023-03-03,12:30:00,636.0
2023-03-03,12:45:00,3240.0
2023-03-03,13:00:00,5648.0
2023-03-03,13:15:00,4865.0
2023-03-03,13:30:00,8628.0
2023-03-03,13:45:00,184.0
2023-03-03,14:00:00,641.0
2023-03-03,14:15:00,8227.0
2023-03-03,14:30:00,8778.0
2023-03-03,14:45:00,8085.0
2023-03-03,15:00:00,8326.0
2023-03-03,15:15:00,4147.0
2023-03-03,15:30:00,8715.0
2023-03-03,15:45:00,726.0
2023-03-03,16:00:00,840.0
2023-03-03,16:15:00,3709.0
2023-03-03,16:30:00,3763.0
2023-03-03,16:45:00,1446.0
2023-03-03,17:00:00,6699.0
2023-03-03,17:15:00,6688.0
2023-03-03,17:30:00,5515.0
2023-03-03,17:45:00,9149.0
2023-03-03,18:00:00,6417.0
2023-03-03,18:15:00,9586.0
2023-03-03,18:30:00,3558.0
2023-03-03,18:45:00,5863.0
2023-03-03,19:00:00,6403.0
2023-03-03,19:15:00,7538.0
2023-03-03,19:30:00,1805.0
2023-03-03,19:45:00,9288.0
2023-03-03,20:00:00,5447.0
2023-03-03,20:15:00,8092.0
2023-03-03,20:30:00,6223.0
2023-03-03,20:45:00,8932.0
2023-03-03,21:00:00,142.0
2023-03-03,21:15:00,3646.0
2023-03-03,21:30:00,6362.0
2023-03-03,21:45:00,3547.0
2023-03-03,22:00:00,3352.0
2023-03-03,22:15:00,7479.0
2023-03-03,22:30:00,9657.0
2023-03-03,22:45:00,9675.0
2023-03-03,23:00:00,8939.0
2023-03-03,23:15:00,1651.0
2023-03-03,23:30:00,7022.0
2023-03-03,23:45:00,5607.0
