publication_time,value
2023-02-01T00:00:00+01:00,8920
2023-02-01T01:00:00+01:00,2518
2023-02-01T02:00:00+01:00,267
2023-02-01T03:00:00+01:00,9351
2023-02-01T04:00:00+01:00,3161
2023-02-01T05:00:00+01:00,8554
2023-02-01T06:00:00+01:00,9139
2023-02-01T07:00:00+01:00,1275
2023-02-01T08:00:00+01:00,8032
2023-02-01T09:00:00+01:00,8438
2023-02-01T10:00:00+01:00,1642
2023-02-01T11:00:00+01:00,7511
2023-02-01T12:00:00+01:00,6996
2023-02-01T13:00:00+01:00,245
2023-02-01T14:00:00+01:00,1533
2023-02-01T15:00:00+01:00,6060
2023-02-01T16:00:00+01:00,4772
2023-02-01T17:00:00+01:00,9467
2023-02-01T18:00:00+01:00,2172
2023-02-01T19:00:00+01:00,389
2023-02-01T20:00:00+01:00,8488
2023-02-01T21:00:00+01:00,9889
2023-02-01T22:00:00+01:00,5500
2023-02-01T23:00:00+01:00,7487
2023-02-02T00:00:00+01:00,1308
2023-02-02T01:00:00+01:00,5252
2023-02-02T02:00:00+01:00,6507
2023-02-02T03:00:00+01:00,7285
2023-02-02T04:00:00+01:00,9608
2023-02-02T05:00:00+01:00,8497
2023-02-02T06:00:00+01:00,545
2023-02-02T07:00:00+01:00,2836
2023-02-02T08:00:00+01:00,3263
2023-02-02T09:00:00+01:00,5094
2023-02-02T10:00:00+01:00,2230
2023-02-02T11:00:00+01:00,5579
2023-02-02T12:00:00+01:00,9783
2023-02-02T13:00:00+01:00,3996
2023-02-02T14:00:00+01:00,6757
2023-02-02T15:00:00+01:00,2515
2023-02-02T16:00:00+01:00,4928
2023-02-02T17:00:00+01:00,2630
2023-02-02T18:00:00+01:00,3754
2023-02-02T19:00:00+01:00,9195
2023-02-02T20:00:00+01:00,5388
2023-02-02T21:00:00+01:00,4704
2023-02-02T22:00:00+01:00,9383
2023-02-02T23:00:00+01:00,6360
2023-02-03T00:00:00+01:00,7923
2023-02-03T01:00:00+01:00,4394
2023-02-03T02:00:00+01:00,3049
2023-02-03T03:00:00+01:00,9297
2023-02-03T04:00:00+01:00,4818
2023-02-03T05:00:00+01:00,1325
2023-02-03T06:00:00+01:00,1804
2023-02-03T07:00:00+01:00,5350
2023-02-03T08:00:00+01:00,3992
2023-02-03T09:00:00+01:00,8223
2023-02-03T10:00:00+01:00,8850
2023-02-03T11:00:00+01:00,5607
2023-02-03T12:00:00+01:00,7128
2023-02-03T13:00:00+01:00,6206
2023-02-03T14:00:00+01:00,5409
2023-02-03T15:00:00+01:00,3977
2023-02-03T16:00:00+01:00,6811
2023-02-03T17:00:00+01:00,9224
2023-02-03T18:00:00+01:00,1483
2023-02-03T19:00:00+01:00,3631
2023-02-03T20:00:00+01:00,4515
2023-02-03T21:00:00+01:00,4746
2023-02-03T22:00:00+01:00,3920
2023-02-03T23:00:00+01:00,734
2023-02-04T00:00:00+01:00,9803
2023-02-04T01:00:00+01:00,1255
2023-02-04T02:00:00+01:00,9089
2023-02-04T03:00:00+01:00,2403
2023-02-04T04:00:00+01:00,6528
2023-02-04T05:00:00+01:00,5120
2023-02-04T06:00:00+01:00,3822
2023-02-04T07:00:00+01:00,8663
2023-02-04T08:00:00+01:00,4499
2023-02-04T09:00:00+01:00,8180
2023-02-04T10:00:00+01:00,9351
2023-02-04T11:00:00+01:00,9769
2023-02-04T12:00:00+01:00,5097
2023-02-04T13:00:00+01:00,6646
2023-02-04T14:00:00+01:00,9645
2023-02-04T15:00:00+01:00,2691
2023-02-04T16:00:00+01:00,175
2023-02-04T17:00:00+01:00,8493
2023-02-04T18:00:00+01:00,1849
2023-02-04T19:00:00+01:00,6018
2023-02-04T20:00:00+01:00,8251
2023-02-04T21:00:00+01:00,657
2023-02-04T22:00:00+01:00,2821
2023-02-04T23:00:00+01:00,4833
2023-02-05T00:00:00+01:00,9657
2023-02-05T01:00:00+01:00,454
2023-02-05T02:00:00+01:00,5802
2023-02-05T03:00:00+01:00,809
2023-02-05T04:00:00+01:00,8131
2023-02-05T05:00:00+01:00,3164
2023-02-05T06:00:00+01:00,4237
2023-02-05T07:00:00+01:00,895
2023-02-05T08:00:00+01:00,1045
2023-02-05T09:00:00+01:00,3904
2023-02-05T10:00:00+01:00,3803
2023-02-05T11:00:00+01:00,6378
2023-02-05T12:00:00+01:00,7617
2023-02-05T13:00:00+01:00,5570
2023-02-05T14:00:00+01:00,3421
2023-02-05T15:00:00+01:00,2024
2023-02-05T16:00:00+01:00,2783
2023-02-05T17:00:00+01:00,441
2023-02-05T18:00:00+01:00,6082
2023-02-05T19:00:00+01:00,451
2023-02-05T20:00:00+01:00,1710
2023-02-05T21:00:00+01:00,7910
2023-02-05T22:00:00+01:00,6417
2023-02-05T23:00:00+01:00,6291
2023-02-06T00:00:00+01:00,9220
2023-02-06T01:00:00+01:00,5839
2023-02-06T02:00:00+01:00,9329
2023-02-06T03:00:00+01:00,1063
2023-02-06T04:00:00+01:00,9281
2023-02-06T05:00:00+01:00,8990
2023-02-06T06:00:00+01:00,1401
2023-02-06T07:00:00+01:00,1237
2023-02-06T08:00:00+01:00,8620
2023-02-06T09:00:00+01:00,6610
2023-02-06T10:00:00+01:00,2258
2023-02-06T11:00:00+01:00,7400
2023-02-06T12:00:00+01:00,4422
2023-02-06T13:00:00+01:00,6373
2023-02-06T14:00:00+01:00,7866
2023-02-06T15:00:00+01:00,1021
2023-02-06T16:00:00+01:00,9981
2023-02-06T17:00:00+01:00,601
2023-02-06T18:00:00+01:00,5313
2023-02-06T19:00:00+01:00,9244
2023-02-06T20:00:00+01:00,673
2023-02-06T21:00:00+01:00,345
2023-02-06T22:00:00+01:00,908
2023-02-06T23:00:00+01:00,4564
2023-02-07T00:00:00+01:00,7883
2023-02-07T01:00:00+01:00,5393
2023-02-07T02:00:00+01:00,1552
2023-02-07T03:00:00+01:00,2438
2023-02-07T04:00:00+01:00,9423
2023-02-07T05:00:00+01:00,9872
2023-02-07T06:00:00+01:00,8760
2023-02-07T07:00:00+01:00,5798
2023-02-07T08:00:00+01:00,2291
2023-02-07T09:00:00+01:00,648
2023-02-07T10:00:00+01:00,8289
2023-02-07T11:00:00+01:00,4105
2023-02-07T12:00:00+01:00,9794
2023-02-07T13:00:00+01:00,6200
2023-02-07T14:00:00+01:00,8660
2023-02-07T15:00:00+01:00,3044
2023-02-07T16:00:00+01:00,1866
2023-02-07T17:00:00+01:00,9153
2023-02-07T18:00:00+01:00,6985
2023-02-07T19:00:00+01:00,2940
2023-02-07T20:00:00+01:00,4952
2023-02-07T21:00:00+01:00,2136
2023-02-07T22:00:00+01:00,1768
2023-02-07T23:00:00+01:00,3073
2023-02-08T00:00:00+01:00,561
2023-02-08T01:00:00+01:00,7430
2023-02-08T02:00:00+01:00,2818
2023-02-08T03:00:00+01:00,3002
2023-02-08T04:00:00+01:00,2541
2023-02-08T05:00:00+01:00,2642
2023-02-08T06:00:00+01:00,6214
2023-02-08T07:00:00+01:00,6666
2023-02-08T08:00:00+01:00,7042
2023-02-08T09:00:00+01:00,9019
2023-02-08T10:00:00+01:00,16
2023-02-08T11:00:00+01:00,4387
2023-02-08T12:00:00+01:00,109
2023-02-08T13:00:00+01:00,414
2023-02-08T14:00:00+01:00,3638
2023-02-08T15:00:00+01:00,3703
2023-02-08T16:00:00+01:00,1049
2023-02-08T17:00:00+01:00,7571
2023-02-08T18:00:00+01:00,6417
2023-02-08T19:00:00+01:00,539
2023-02-08T20:00:00+01:00,6317
2023-02-08T21:00:00+01:00,705
2023-02-08T22:00:00+01:00,4279
2023-02-08T23:00:00+01:00,852
2023-02-09T00:00:00+01:00,3404
2023-02-09T01:00:00+01:00,3705
2023-02-09T02:00:00+01:00,8138
2023-02-09T03:00:00+01:00,5521
2023-02-09T04:00:00+01:00,596
2023-02-09T05:00:00+01:00,894
2023-02-09T06:00:00+01:00,1405
2023-02-09T07:00:00+01:00,5698
2023-02-09T08:00:00+01:00,3878
2023-02-09T09:00:00+01:00,1655
2023-02-09T10:00:00+01:00,5859
2023-02-09T11:00:00+01:00,8402
2023-02-09T12:00:00+01:00,9831
2023-02-09T13:00:00+01:00,1993
2023-02-09T14:00:00+01:00,9501
2023-02-09T15:00:00+01:00,6879
2023-02-09T16:00:00+01:00,6383
2023-02-09T17:00:00+01:00,963
2023-02-09T18:00:00+01:00,5854
2023-02-09T19:00:00+01:00,7138
2023-02-09T20:00:00+01:00,632
2023-02-09T21:00:00+01:00,358
2023-02-09T22:00:00+01:00,8235
2023-02-09T23:00:00+01:00,78
2023-02-10T00:00:00+01:00,1656
2023-02-10T01:00:00+01:00,61
2023-02-10T02:00:00+01:00,9075
2023-02-10T03:00:00+01:00,2718
2023-02-10T04:00:00+01:00,3151
2023-02-10T05:00:00+01:00,3167
2023-02-10T06:00:00+01:00,7334
2023-02-10T07:00:00+01:00,514
2023-02-10T08:00:00+01:00,6923
2023-02-10T09:00:00+01:00,6641
2023-02-10T10:00:00+01:00,8104
2023-02-10T11:00:00+01:00,9313
2023-02-10T12:00:00+01:00,1039
2023-02-10T13:00:00+01:00,3263
2023-02-10T14:00:00+01:00,2274
2023-02-10T15:00:00+01:00,276
2023-02-10T16:00:00+01:00,3459
2023-02-10T17:00:00+01:00,2637
2023-02-10T18:00:00+01:00,4589
2023-02-10T19:00:00+01:00,2045
2023-02-10T20:00:00+01:00,3933
2023-02-10T21:00:00+01:00,6573
2023-02-10T22:00:00+01:00,7963
2023-02-10T23:00:00+01:00,1836
2023-02-11T00:00:00+01:00,7978
2023-02-11T01:00:00+01:00,142
2023-02-11T02:00:00+01:00,9932
2023-02-11T03:00:00+01:00,7349
2023-02-11T04:00:00+01:00,9808
2023-02-11T05:00:00+01:00,6011
2023-02-11T06:00:00+01:00,8898
2023-02-11T07:00:00+01:00,5451
2023-02-11T08:00:00+01:00,6593
2023-02-11T09:00:00+01:00,7322
2023-02-11T10:00:00+01:00,4181
2023-02-11T11:00:00+01:00,3287
2023-02-11T12:00:00+01:00,2822
2023-02-11T13:00:00+01:00,6722
2023-02-11T14:00:00+01:00,9878
2023-02-11T15:00:00+01:00,1096
2023-02-11T16:00:00+01:00,8609
2023-02-11T17:00:00+01:00,9047
2023-02-11T18:00:00+01:00,9329
2023-02-11T19:00:00+01:00,6056
2023-02-11T20:00:00+01:00,3355
2023-02-11T21:00:00+01:00,5606
2023-02-11T22:00:00+01:00,1428
2023-02-11T23:00:00+01:00,4385
2023-02-12T00:00:00+01:00,9766
2023-02-12T01:00:00+01:00,3891
2023-02-12T02:00:00+01:00,7480
2023-02-12T03:00:00+01:00,8023
2023-02-12T04:00:00+01:00,2027
2023-02-12T05:00:00+01:00,6295
2023-02-12T06:00:00+01:00,7341
2023-02-12T07:00:00+01:00,228
2023-02-12T08:00:00+01:00,5146
2023-02-12T09:00:00+01:00,6056
2023-02-12T10:00:00+01:00,1258
2023-02-12T11:00:00+01:00,342
2023-02-12T12:00:00+01:00,8382
2023-02-12T13:00:00+01:00,7635
2023-02-12T14:00:00+01:00,8312
2023-02-12T15:00:00+01:00,9878
2023-02-12T16:00:00+01:00,8836
2023-02-12T17:00:00+01:00,9359
2023-02-12T18:00:00+01:00,1371
2023-02-12T19:00:00+01:00,4688
2023-02-12T20:00:00+01:00,398
2023-02-12T21:00:00+01:00,7215
2023-02-12T22:00:00+01:00,8386
2023-02-12T23:00:00+01:00,4689
2023-02-13T00:00:00+01:00,3328
2023-02-13T01:00:00+01:00,6048
2023-02-13T02:00:00+01:00,155
2023-02-13T03:00:00+01:00,7457
2023-02-13T04:00:00+01:00,3867
2023-02-13T05:00:00+01:00,5833
2023-02-13T06:00:00+01:00,2360
2023-02-13T07:00:00+01:00,3463
2023-02-13T08:00:00+01:00,3181
2023-02-13T09:00:00+01:00,817
2023-02-13T10:00:00+01:00,3775
2023-02-13T11:00:00+01:00,9647
2023-02-13T12:00:00+01:00,6450
2023-02-13T13:00:00+01:00,8705
2023-02-13T14:00:00+01:00,8830
2023-02-13T15:00:00+01:00,9458
2023-02-13T16:00:00+01:00,6805
2023-02-13T17:00:00+01:00,8317
2023-02-13T18:00:00+01:00,2910
2023-02-13T19:00:00+01:00,5688
2023-02-13T20:00:00+01:00,5844
2023-02-13T21:00:00+01:00,7239
2023-02-13T22:00:00+01:00,3589
2023-02-13T23:00:00+01:00,8000
2023-02-14T00:00:00+01:00,7195
2023-02-14T01:00:00+01:00,2653
2023-02-14T02:00:00+01:00,961
2023-02-14T03:00:00+01:00,9662
2023-02-14T04:00:00+01:00,5178
2023-02-14T05:00:00+01:00,2145
2023-02-14T06:00:00+01:00,4557
2023-02-14T07:00:00+01:00,6754
2023-02-14T08:00:00+01:00,8786
2023-02-14T09:00:00+01:00,9390
2023-02-14T10:00:00+01:00,1253
2023-02-14T11:00:00+01:00,7516
2023-02-14T12:00:00+01:00,6235
2023-02-14T13:00:00+01:00,8232
2023-02-14T14:00:00+01:00,3170
2023-02-14T15:00:00+01:00,1851
2023-02-14T16:00:00+01:00,1035
2023-02-14T17:00:00+01:00,8672
2023-02-14T18:00:00+01:00,8731
2023-02-14T19:00:00+01:00,5760
2023-02-14T20:00:00+01:00,6320
2023-02-14T21:00:00+01:00,4233
2023-02-14T22:00:00+01:00,8928
2023-02-14T23:00:00+01:00,4841
2023-02-15T00:00:00+01:00,5482
2023-02-15T01:00:00+01:00,79
2023-02-15T02:00:00+01:00,1614
2023-02-15T03:00:00+01:00,2503
2023-02-15T04:00:00+01:00,1251
2023-02-15T05:00:00+01:00,5737
2023-02-15T06:00:00+01:00,6958
2023-02-15T07:00:00+01:00,2168
2023-02-15T08:00:00+01:00,3012
2023-02-15T09:00:00+01:00,9819
2023-02-15T10:00:00+01:00,4623
2023-02-15T11:00:00+01:00,9200
2023-02-15T12:00:00+01:00,7617
2023-02-15T13:00:00+01:00,5827
2023-02-15T14:00:00+01:00,7709
2023-02-15T15:00:00+01:00,3191
2023-02-15T16:00:00+01:00,5235
2023-02-15T17:00:00+01:00,3517
2023-02-15T18:00:00+01:00,2651
2023-02-15T19:00:00+01:00,961
2023-02-15T20:00:00+01:00,2298
2023-02-15T21:00:00+01:00,1668
2023-02-15T22:00:00+01:00,1603
2023-02-15T23:00:00+01:00,8679
2023-02-16T00:00:00+01:00,6080
2023-02-16T01:00:00+01:00,9594
2023-02-16T02:00:00+01:00,2763
2023-02-16T03:00:00+01:00,3795
2023-02-16T04:00:00+01:00,8847
2023-02-16T05:00:00+01:00,2821
2023-02-16T06:00:00+01:00,2005
2023-02-16T07:00:00+01:00,443
2023-02-16T08:00:00+01:00,8327
2023-02-16T09:00:00+01:00,2072
2023-02-16T10:00:00+01:00,6252
2023-02-16T11:00:00+01:00,6460
2023-02-16T12:00:00+01:00,6238
2023-02-16T13:00:00+01:00,1215
2023-02-16T14:00:00+01:00,891
2023-02-16T15:00:00+01:00,6610
2023-02-16T16:00:00+01:00,2930
2023-02-16T17:00:00+01:00,2407
2023-02-16T18:00:00+01:00,4071
2023-02-16T19:00:00+01:00,2863
2023-02-16T20:00:00+01:00,4320
2023-02-16T21:00:00+01:00,6538
2023-02-16T22:00:00+01:00,9201
2023-02-16T23:00:00+01:00,2618
2023-02-17T00:00:00+01:00,1627
2023-02-17T01:00:00+01:00,6991
2023-02-17T02:00:00+01:00,8953
2023-02-17T03:00:00+01:00,5806
2023-02-17T04:00:00+01:00,372
2023-02-17T05:00:00+01:00,9286
2023-02-17T06:00:00+01:00,9027
2023-02-17T07:00:00+01:00,97
2023-02-17T08:00:00+01:00,8639
2023-02-17T09:00:00+01:00,4302
2023-02-17T10:00:00+01:00,4768
2023-02-17T11:00:00+01:00,2189
2023-02-17T12:00:00+01:00,5320
2023-02-17T13:00:00+01:00,7981
2023-02-17T14:00:00+01:00,8392
2023-02-17T15:00:00+01:00,9775
2023-02-17T16:00:00+01:00,204
2023-02-17T17:00:00+01:00,8295
2023-02-17T18:00:00+01:00,485
2023-02-17T19:00:00+01:00,6501
2023-02-17T20:00:00+01:00,9297
2023-02-17T21:00:00+01:00,8396
2023-02-17T22:00:00+01:00,4382
2023-02-17T23:00:00+01:00,4491
2023-02-18T00:00:00+01:00,9667
2023-02-18T01:00:00+01:00,1134
2023-02-18T02:00:00+01:00,7701
2023-02-18T03:00:00+01:00,1581
2023-02-18T04:00:00+01:00,4934
2023-02-18T05:00:00+01:00,9218
2023-02-18T06:00:00+01:00,8182
2023-02-18T07:00:00+01:00,2677
2023-02-18T08:00:00+01:00,5444
2023-02-18T09:00:00+01:00,3090
2023-02-18T10:00:00+01:00,4720
2023-02-18T11:00:00+01:00,2190
2023-02-18T12:00:00+01:00,1091
2023-02-18T13:00:00+01:00,5347
2023-02-18T14:00:00+01:00,5730
2023-02-18T15:00:00+01:00,8978
2023-02-18T16:00:00+01:00,3732
2023-02-18T17:00:00+01:00,4933
2023-02-18T18:00:00+01:00,6830
2023-02-18T19:00:00+01:00,2117
2023-02-18T20:00:00+01:00,470
2023-02-18T21:00:00+01:00,4474
2023-02-18T22:00:00+01:00,2101
2023-02-18T23:00:00+01:00,1359
2023-02-19T00:00:00+01:00,1587
2023-02-19T01:00:00+01:00,2431
2023-02-19T02:00:00+01:00,5680
2023-02-19T03:00:00+01:00,8602
2023-02-19T04:00:00+01:00,5169
2023-02-19T05:00:00+01:00,4991
2023-02-19T06:00:00+01:00,9049
2023-02-19T07:00:00+01:00,7645
2023-02-19T08:00:00+01:00,9173
2023-02-19T09:00:00+01:00,4547
2023-02-19T10:00:00+01:00,3512
2023-02-19T11:00:00+01:00,9005
2023-02-19T12:00:00+01:00,4792
2023-02-19T13:00:00+01:00,3681
2023-02-19T14:00:00+01:00,9819
2023-02-19T15:00:00+01:00,2270
2023-02-19T16:00:00+01:00,1387
2023-02-19T17:00:00+01:00,6216
2023-02-19T18:00:00+01:00,5240
2023-02-19T19:00:00+01:00,3487
2023-02-19T20:00:00+01:00,337
2023-02-19T21:00:00+01:00,6529
2023-02-19T22:00:00+01:00,4184
2023-02-19T23:00:00+01:00,5197
2023-02-20T00:00:00+01:00,4447
2023-02-20T01:00:00+01:00,5538
2023-02-20T02:00:00+01:00,4063
2023-02-20T03:00:00+01:00,3857
2023-02-20T04:00:00+01:00,7601
2023-02-20T05:00:00+01:00,2477
2023-02-20T06:00:00+01:00,7896
2023-02-20T07:00:00+01:00,7566
2023-02-20T08:00:00+01:00,3940
2023-02-20T09:00:00+01:00,1410
2023-02-20T10:00:00+01:00,6815
2023-02-20T11:00:00+01:00,5017
2023-02-20T12:00:00+01:00,6478
2023-02-20T13:00:00+01:00,2696
2023-02-20T14:00:00+01:00,3643
2023-02-20T15:00:00+01:00,1846
2023-02-20T16:00:00+01:00,2906
2023-02-20T17:00:00+01:00,9743
2023-02-20T18:00:00+01:00,744
2023-02-20T19:00:00+01:00,5922
2023-02-20T20:00:00+01:00,5130
2023-02-20T21:00:00+01:00,1481
2023-02-20T22:00:00+01:00,290
2023-02-20T23:00:00+01:00,3569
2023-02-21T00:00:00+01:00,3484
2023-02-21T01:00:00+01:00,2509
2023-02-21T02:00:00+01:00,4252
2023-02-21T03:00:00+01:00,3505
2023-02-21T04:00:00+01:00,9877
2023-02-21T05:00:00+01:00,5426
2023-02-21T06:00:00+01:00,9462
2023-02-21T07:00:00+01:00,3061
2023-02-21T08:00:00+01:00,5578
2023-02-21T09:00:00+01:00,8231
2023-02-21T10:00:00+01:00,430
2023-02-21T11:00:00+01:00,6483
2023-02-21T12:00:00+01:00,5679
2023-02-21T13:00:00+01:00,2778
2023-02-21T14:00:00+01:00,6985
2023-02-21T15:00:00+01:00,8818
2023-02-21T16:00:00+01:00,8149
2023-02-21T17:00:00+01:00,7470
2023-02-21T18:00:00+01:00,2887
2023-02-21T19:00:00+01:00,2887
2023-02-21T20:00:00+01:00,4472
2023-02-21T21:00:00+01:00,5718
2023-02-21T22:00:00+01:00,7627
2023-02-21T23:00:00+01:00,5427
2023-02-22T00:00:00+01:00,3571
2023-02-22T01:00:00+01:00,7527
2023-02-22T02:00:00+01:00,4676
2023-02-22T03:00:00+01:00,5754
2023-02-22T04:00:00+01:00,1959
2023-02-22T05:00:00+01:00,4897
2023-02-22T06:00:00+01:00,9228
2023-02-22T07:00:00+01:00,6527
2023-02-22T08:00:00+01:00,6714
2023-02-22T09:00:00+01:00,2412
2023-02-22T10:00:00+01:00,8648
2023-02-22T11:00:00+01:00,9020
2023-02-22T12:00:00+01:00,832
2023-02-22T13:00:00+01:00,4461
2023-02-22T14:00:00+01:00,6059
2023-02-22T15:00:00+01:00,1592
2023-02-22T16:00:00+01:00,7145
2023-02-22T17:00:00+01:00,9488
2023-02-22T18:00:00+01:00,1031
2023-02-22T19:00:00+01:00,4843
2023-02-22T20:00:00+01:00,8057
2023-02-22T21:00:00+01:00,3731
2023-02-22T22:00:00+01:00,7268
2023-02-22T23:00:00+01:00,9172
2023-02-23T00:00:00+01:00,233
2023-02-23T01:00:00+01:00,2998
2023-02-23T02:00:00+01:00,3774
2023-02-23T03:00:00+01:00,8054
2023-02-23T04:00:00+01:00,5668
2023-02-23T05:00:00+01:00,6767
2023-02-23T06:00:00+01:00,1324
2023-02-23T07:00:00+01:00,9890
2023-02-23T08:00:00+01:00,2498
2023-02-23T09:00:00+01:00,9759
2023-02-23T10:00:00+01:00,6556
2023-02-23T11:00:00+01:00,3123
2023-02-23T12:00:00+01:00,2828
2023-02-23T13:00:00+01:00,7105
2023-02-23T14:00:00+01:00,8059
2023-02-23T15:00:00+01:00,187
2023-02-23T16:00:00+01:00,9458
2023-02-23T17:00:00+01:00,2868
2023-02-23T18:00:00+01:00,2675
2023-02-23T19:00:00+01:00,353
2023-02-23T20:00:00+01:00,6556
2023-02-23T21:00:00+01:00,9809
2023-02-23T22:00:00+01:00,1457
2023-02-23T23:00:00+01:00,4888
2023-02-24T00:00:00+01:00,443
2023-02-24T01:00:00+01:00,2514
2023-02-24T02:00:00+01:00,1158
2023-02-24T03:00:00+01:00,5792
2023-02-24T04:00:00+01:00,8321
2023-02-24T05:00:00+01:00,9183
2023-02-24T06:00:00+01:00,9027
2023-02-24T07:00:00+01:00,4836
2023-02-24T08:00:00+01:00,6166
2023-02-24T09:00:00+01:00,8802
2023-02-24T10:00:00+01:00,9782
2023-02-24T11:00:00+01:00,5125
2023-02-24T12:00:00+01:00,7126
2023-02-24T13:00:00+01:00,9370
2023-02-24T14:00:00+01:00,7960
2023-02-24T15:00:00+01:00,1568
2023-02-24T16:00:00+01:00,7944
2023-02-24T17:00:00+01:00,8345
2023-02-24T18:00:00+01:00,245
2023-02-24T19:00:00+01:00,2771
2023-02-24T20:00:00+01:00,1567
2023-02-24T21:00:00+01:00,9818
2023-02-24T22:00:00+01:00,6635
2023-02-24T23:00:00+01:00,7876
2023-02-25T00:00:00+01:00,6841
2023-02-25T01:00:00+01:00,8717
2023-02-25T02:00:00+01:00,2285
2023-02-25T03:00:00+01:00,2351
2023-02-25T04:00:00+01:00,2869
2023-02-25T05:00:00+01:00,6343
2023-02-25T06:00:00+01:00,3084
2023-02-25T07:00:00+01:00,8497
2023-02-25T08:00:00+01:00,424
2023-02-25T09:00:00+01:00,688
2023-02-25T10:00:00+01:00,9646
2023-02-25T11:00:00+01:00,3724
2023-02-25T12:00:00+01:00,3033
2023-02-25T13:00:00+01:00,9491
2023-02-25T14:00:00+01:00,7175
2023-02-25T15:00:00+01:00,5691
2023-02-25T16:00:00+01:00,1148
2023-02-25T17:00:00+01:00,7186
2023-02-25T18:00:00+01:00,5448
2023-02-25T19:00:00+01:00,1040
2023-02-25T20:00:00+01:00,8333
2023-02-25T21:00:00+01:00,7655
2023-02-25T22:00:00+01:00,8197
2023-02-25T23:00:00+01:00,5863
2023-02-26T00:00:00+01:00,8631
2023-02-26T01:00:00+01:00,6442
2023-02-26T02:00:00+01:00,1012
2023-02-26T03:00:00+01:00,5201
2023-02-26T04:00:00+01:00,4393
2023-02-26T05:00:00+01:00,3561
2023-02-26T06:00:00+01:00,368
2023-02-26T07:00:00+01:00,9317
2023-02-26T08:00:00+01:00,1419
2023-02-26T09:00:00+01:00,4897
2023-02-26T10:00:00+01:00,5249
2023-02-26T11:00:00+01:00,1326
2023-02-26T12:00:00+01:00,5668
2023-02-26T13:00:00+01:00,4132
2023-02-26T14:00:00+01:00,9329
2023-02-26T15:00:00+01:00,8012
2023-02-26T16:00:00+01:00,3658
2023-02-26T17:00:00+01:00,3926
2023-02-26T18:00:00+01:00,4542
2023-02-26T19:00:00+01:00,5845
2023-02-26T20:00:00+01:00,3322
2023-02-26T21:00:00+01:00,153
2023-02-26T22:00:00+01:00,6735
2023-02-26T23:00:00+01:00,8980
2023-02-27T00:00:00+01:00,946
2023-02-27T01:00:00+01:00,5619
2023-02-27T02:00:00+01:00,606
2023-02-27T03:00:00+01:00,4514
2023-02-27T04:00:00+01:00,452
2023-02-27T05:00:00+01:00,5479
2023-02-27T06:00:00+01:00,3055
2023-02-27T07:00:00+01:00,2391
2023-02-27T08:00:00+01:00,301
2023-02-27T09:00:00+01:00,1704
2023-02-27T10:00:00+01:00,8295
2023-02-27T11:00:00+01:00,8897
2023-02-27T12:00:00+01:00,7248
2023-02-27T13:00:00+01:00,2786
2023-02-27T14:00:00+01:00,5995
2023-02-27T15:00:00+01:00,7529
2023-02-27T16:00:00+01:00,8015
2023-02-27T17:00:00+01:00,1547
2023-02-27T18:00:00+01:00,3808
2023-02-27T19:00:00+01:00,352
2023-02-27T20:00:00+01:00,702
2023-02-27T21:00:00+01:00,63
2023-02-27T22:00:00+01:00,2095
2023-02-27T23:00:00+01:00,4262
2023-02-28T00:00:00+01:00,6142
2023-02-28T01:00:00+01:00,1027
2023-02-28T02:00:00+01:00,8466
2023-02-28T03:00:00+01:00,5170
2023-02-28T04:00:00+01:00,7461
2023-02-28T05:00:00+01:00,5675
2023-02-28T06:00:00+01:00,431
2023-02-28T07:00:00+01:00,8991
2023-02-28T08:00:00+01:00,6153
2023-02-28T09:00:00+01:00,5468
2023-02-28T10:00:00+01:00,8486
2023-02-28T11:00:00+01:00,5928
2023-02-28T12:00:00+01:00,574
2023-02-28T13:00:00+01:00,4749
2023-02-28T14:00:00+01:00,9544
2023-02-28T15:00:00+01:00,7502
2023-02-28T16:00:00+01:00,1738
2023-02-28T17:00:00+01:00,8887
2023-02-28T18:00:00+01:00,5016
2023-02-28T19:00:00+01:00,8374
2023-02-28T20:00:00+01:00,7355
2023-02-28T21:00:00+01:00,8679
2023-02-28T22:00:00+01:00,4509
2023-02-28T23:00:00+01:00,9162
2023-03-01T00:00:00+01:00,4560
2023-03-01T01:00:00+01:00,8427
2023-03-01T02:00:00+01:00,9819
2023-03-01T03:00:00+01:00,4613
2023-03-01T04:00:00+01:00,6419
2023-03-01T05:00:00+01:00,461
2023-03-01T06:00:00+01:00,450
2023-03-01T07:00:00+01:00,6926
2023-03-01T08:00:00+01:00,4665
2023-03-01T09:00:00+01:00,2340
2023-03-01T10:00:00+01:00,4628
2023-03-01T11:00:00+01:00,4379
2023-03-01T12:00:00+01:00,5983
2023-03-01T13:00:00+01:00,5923
2023-03-01T14:00:00+01:00,9133
2023-03-01T15:00:00+01:00,5383
2023-03-01T16:00:00+01:00,934
2023-03-01T17:00:00+01:00,5788
2023-03-01T18:00:00+01:00,7568
2023-03-01T19:00:00+01:00,1514
2023-03-01T20:00:00+01:00,3622
2023-03-01T21:00:00+01:00,2144
2023-03-01T22:00:00+01:00,4530
2023-03-01T23:00:00+01:00,3393
2023-03-02T00:00:00+01:00,624
2023-03-02T01:00:00+01:00,3451
2023-03-02T02:00:00+01:00,6698
2023-03-02T03:00:00+01:00,8450
2023-03-02T04:00:00+01:00,1206
2023-03-02T05:00:00+01:00,3638
2023-03-02T06:00:00+01:00,3293
2023-03-02T07:00:00+01:00,530
2023-03-02T08:00:00+01:00,7495
2023-03-02T09:00:00+01:00,4565
2023-03-02T10:00:00+01:00,3647
2023-03-02T11:00:00+01:00,429
2023-03-02T12:00:00+01:00,3028
2023-03-02T13:00:00+01:00,8342
2023-03-02T14:00:00+01:00,1531
2023-03-02T15:00:00+01:00,1943
2023-03-02T16:00:00+01:00,6080
2023-03-02T17:00:00+01:00,7535
2023-03-02T18:00:00+01:00,3954
2023-03-02T19:00:00+01:00,8234
2023-03-02T20:00:00+01:00,319
2023-03-02T21:00:00+01:00,2610
2023-03-02T22:00:00+01:00,2712
2023-03-02T23:00:00+01:00,9670
2023-03-03T00:00:00+01:00,1602
2023-03-03T01:00:00+01:00,885
2023-03-03T02:00:00+01:00,8732
2023-03-03T03:00:00+01:00,1843
2023-03-03T04:00:00+01:00,6173
2023-03-03T05:00:00+01:00,7698
2023-03-03T06:00:00+01:00,6781
2023-03-03T07:00:00+01:00,1140
2023-03-03T08:00:00+01:00,8945
2023-03-03T09:00:00+01:00,1708
2023-03-03T10:00:00+01:00,1011
2023-03-03T11:00:00+01:00,6125
2023-03-03T12:00:00+01:00,7946
2023-03-03T13:00:00+01:00,6529
2023-03-03T14:00:00+01:00,6242
2023-03-03T15:00:00+01:00,8166
2023-03-03T16:00:00+01:00,4781
2023-03-03T17:00:00+01:00,7269
2023-03-03T18:00:00+01:00,5198
2023-03-03T19:00:00+01:00,3068
2023-03-03T20:00:00+01:00,2750
2023-03-03T21:00:00+01:00,5542
2023-03-03T22:00:00+01:00,6325
2023-03-03T23:00:00+01:00,657
